Workbook

Sheet Summary
B1: Healthcare Data Analysis & Insights
B2: Module End Assignment 1-EXCEL
B4: Sheet guide
B5: Cleaning Summary | C5: "?" counts per column, fill values (year average, mode for smoker / tiers), Heart Issues & smoker consistency check, and editable parameters (as-of date, BMI / HbA1C cut-offs).
B6: Customer Names | C6: Raw names + Title, First Name, Last Name split by formulas.
B7: Medical Examinations | C7: Raw columns (grey) + cleaned columns, numeric surgeries, Weight Status, Diabetes Status (blue).
B8: Hospitalisation Details | C8: Raw columns (grey) + cleaned year/month/tiers/State ID, Date of Birth (DD-MMM-YYYY) and Age as of 8-Jun-2023 (blue). Charges formatted in $.
B9: Healthcare | C9: The three tables combined with VLOOKUP on Customer ID (17 required columns).
B10: Analysis / Chart Data | C10: Pivot-style summary tables and the helper columns behind the charts.
B11: Dashboard | C11: All charts, KPI tiles and the two slicer-style filters (Weight Status, Diabetes Status).
B13: Key findings (all 2,335 patients, no filters)
B14: Cancer vs smoking | C14: Cancer history is 17.2% among smokers (84 of 488) and 16.6% among non-smokers (307 of 1847): no meaningful difference in this dataset.
B15: Transplants | C15: Patients with a transplant (144) average 1.12 major surgeries each vs 0.65 without; total surgeries are 162 vs 1417 because far fewer patients have had transplants. Average HbA1C is lower with a transplant (5.19 vs 6.67).
B16: Charges by weight & diabetes | C16: Average charges generally rise with weight status and are highest for Obesity + Diabetes ($19,348); lowest for Underweight + Prediabetes ($5,648). Diabetes has the highest average charges in every weight group, while Prediabetes is not consistently above Normal (e.g. Underweight, Overweight).
B17: Hospital tier & state | C17: Tier 1 hospitals have the highest average charges in every state that has tier 1 patients except R1014 (about $30k overall vs $12k for tier 2 and $9k for tier 3). Most patients sit in R1011, R1012 and R1013; several small states have few or no tier 1 patients, so their averages rest on very few records.
B18: Age correlations | C18: Age vs HbA1C r = 0.46 (moderate positive); age vs charges r = 0.30 (moderate positive); age vs BMI r = 0.05 (negligible).
B20: Assumptions & data-quality notes
B21: Year fill | C21: Average of the numeric years = 1982.84, rounded to 1983.
B22: Mode fills | C22: smoker → No; Hospital tier → tier - 2; City tier → tier - 2. Missing State ID → "Unknown".
B23: Unmatched rows | C23: Hospitalisation Details has 8 rows that cannot be linked to a customer: 6 with Customer ID "?" and 2 orphan IDs (id2444, id3444) not found in the other tables. They are excluded from Healthcare (2,335 customers).
B24: First Name | C24: Everything after the title is kept, so a middle initial stays (e.g. "Matthew D").
B25: Date of Birth / Age | C25: Built from year, month, date (cleaned). Age = completed years as of 8-Jun-2023 using DATEDIF.
B26: Averages vs totals | C26: Charts compare AVERAGE charges because group sizes differ widely; counts are shown in the Analysis sheet.
B27: Filters | C27: Slicer-style dropdowns on the Dashboard drive SUMIFS/AVERAGEIFS and the scatter helper columns. Scatter points outside the filter return NA() on Chart Data on purpose, so Excel leaves them off the charts.
B29: Optional: add real PivotTables & Slicers in Excel (2 minutes)
B30: PivotTable | C30: Click inside Healthcare → Insert → PivotTable → New worksheet. Drag fields as in the Analysis tables (e.g. Weight Status to Rows, Diabetes Status to Columns, charges to Values as Average).
B31: Slicers | C31: Select a PivotTable → PivotTable Analyze → Insert Slicer → tick Weight Status and Diabetes Status → Report Connections → tick all PivotTables.

Sheet Cleaning Summary
A1: Data Cleaning Summary & Transformation Parameters
A4: 1. Missing values marked "?" (per column)
A5: Table | B5: Column | C5: Count of "?"
A6: Medical Examinations | B6: Customer ID | C6: =SUMPRODUCT(--(TRIM('Medical Examinations'!$A$2:$A$2336)="?")) -> 0
A7: Medical Examinations | B7: BMI | C7: =SUMPRODUCT(--(TRIM('Medical Examinations'!$B$2:$B$2336)="?")) -> 0
A8: Medical Examinations | B8: HBA1C | C8: =SUMPRODUCT(--(TRIM('Medical Examinations'!$C$2:$C$2336)="?")) -> 0
A9: Medical Examinations | B9: Heart Issues | C9: =SUMPRODUCT(--(TRIM('Medical Examinations'!$D$2:$D$2336)="?")) -> 0
A10: Medical Examinations | B10: Any Transplants | C10: =SUMPRODUCT(--(TRIM('Medical Examinations'!$E$2:$E$2336)="?")) -> 0
A11: Medical Examinations | B11: Cancer history | C11: =SUMPRODUCT(--(TRIM('Medical Examinations'!$F$2:$F$2336)="?")) -> 0
A12: Medical Examinations | B12: NumberOfMajorSurgeries | C12: =SUMPRODUCT(--(TRIM('Medical Examinations'!$G$2:$G$2336)="?")) -> 0
A13: Medical Examinations | B13: smoker | C13: =SUMPRODUCT(--(TRIM('Medical Examinations'!$H$2:$H$2336)="?")) -> 2
A14: Hospitalisation Details | B14: Customer ID | C14: =SUMPRODUCT(--(TRIM('Hospitalisation Details'!$A$2:$A$2344)="?")) -> 6
A15: Hospitalisation Details | B15: year | C15: =SUMPRODUCT(--(TRIM('Hospitalisation Details'!$B$2:$B$2344)="?")) -> 2
A16: Hospitalisation Details | B16: month | C16: =SUMPRODUCT(--(TRIM('Hospitalisation Details'!$C$2:$C$2344)="?")) -> 3
A17: Hospitalisation Details | B17: date | C17: =SUMPRODUCT(--(TRIM('Hospitalisation Details'!$D$2:$D$2344)="?")) -> 0
A18: Hospitalisation Details | B18: children | C18: =SUMPRODUCT(--(TRIM('Hospitalisation Details'!$E$2:$E$2344)="?")) -> 0
A19: Hospitalisation Details | B19: charges | C19: =SUMPRODUCT(--(TRIM('Hospitalisation Details'!$F$2:$F$2344)="?")) -> 0
A20: Hospitalisation Details | B20: Hospital tier | C20: =SUMPRODUCT(--(TRIM('Hospitalisation Details'!$G$2:$G$2344)="?")) -> 1
A21: Hospitalisation Details | B21: City tier | C21: =SUMPRODUCT(--(TRIM('Hospitalisation Details'!$H$2:$H$2344)="?")) -> 1
A22: Hospitalisation Details | B22: State ID | C22: =SUMPRODUCT(--(TRIM('Hospitalisation Details'!$I$2:$I$2344)="?")) -> 2
A23: Total | C23: =SUM(C6:C22) -> 17
A25: 2. Fill values used for missing data
A26: Item | B26: Value used | C26: How it is decided
A27: month | B27: Sep | C27: Given in the brief (Sep is also the most frequent month)
A28: year | B28: =ROUND(AVERAGE('Hospitalisation Details'!$B$2:$B$2344),0) -> 1983 | C28: Average of all numeric years (text "?" ignored), rounded to nearest integer
A29: State ID | B29: Unknown | C29: Missing State ID labelled "Unknown" so the rows stay in the analysis
A31: Most frequent value (mode) for smoker, Hospital tier and City tier
A32: Column | B32: Category | C32: Count (excl. "?")
A33: smoker | B33: No | C33: =COUNTIF('Medical Examinations'!$H$2:$H$2336,B33) -> 1845
A34: smoker | B34: Yes | C34: =COUNTIF('Medical Examinations'!$H$2:$H$2336,B34) -> 488
A35: Mode → smoker | B35: =INDEX(B33:B34,MATCH(MAX(C33:C34),C33:C34,0)) -> No | C35: ← value used to fill "?"
A37: Hospital tier | B37: tier - 1 | C37: =COUNTIF('Hospitalisation Details'!$G$2:$G$2344,B37) -> 309
A38: Hospital tier | B38: tier - 2 | C38: =COUNTIF('Hospitalisation Details'!$G$2:$G$2344,B38) -> 1339
A39: Hospital tier | B39: tier - 3 | C39: =COUNTIF('Hospitalisation Details'!$G$2:$G$2344,B39) -> 694
A40: Mode → Hospital tier | B40: =INDEX(B37:B39,MATCH(MAX(C37:C39),C37:C39,0)) -> tier - 2 | C40: ← value used to fill "?"
A42: City tier | B42: tier - 1 | C42: =COUNTIF('Hospitalisation Details'!$H$2:$H$2344,B42) -> 734
A43: City tier | B43: tier - 2 | C43: =COUNTIF('Hospitalisation Details'!$H$2:$H$2344,B43) -> 812
A44: City tier | B44: tier - 3 | C44: =COUNTIF('Hospitalisation Details'!$H$2:$H$2344,B44) -> 796
A45: Mode → City tier | B45: =INDEX(B42:B44,MATCH(MAX(C42:C44),C42:C44,0)) -> tier - 2 | C45: ← value used to fill "?"
A47: 3. Consistency check: Heart Issues and smoker (case-sensitive counts)
A48: Column | B48: Raw value | C48: Count | D48: Issue found / corrective action
A49: Heart Issues | B49: No | C49: =SUMPRODUCT(--EXACT('Medical Examinations'!$D$2:$D$2336,B49)) -> 1409 | D49: Mixed capitalisation ("No" vs lower-case "yes"). Standardised to "Yes"/"No" with a formula; no other values present.
A50: Heart Issues | B50: yes | C50: =SUMPRODUCT(--EXACT('Medical Examinations'!$D$2:$D$2336,B50)) -> 926
A51: Heart Issues | B51: Yes | C51: =SUMPRODUCT(--EXACT('Medical Examinations'!$D$2:$D$2336,B51)) -> 0
A52: smoker | B52: No | C52: =SUMPRODUCT(--EXACT('Medical Examinations'!$H$2:$H$2336,B52)) -> 1845 | D52: Mixed capitalisation plus 2 missing "?" values. Standardised to "Yes"/"No"; "?" replaced with the mode ("No").
A53: smoker | B53: yes | C53: =SUMPRODUCT(--EXACT('Medical Examinations'!$H$2:$H$2336,B53)) -> 488
A54: smoker | B54: Yes | C54: =SUMPRODUCT(--EXACT('Medical Examinations'!$H$2:$H$2336,B54)) -> 0
A55: smoker | B55: ? | C55: =SUMPRODUCT(--EXACT('Medical Examinations'!$H$2:$H$2336,B55)) -> 2
A57: Also standardised for consistency: Any Transplants ("yes"/"No") and Cancer history ("Yes"/"No") → "Yes"/"No".
A58: NumberOfMajorSurgeries: text "No major surgery" → 0; numeric values 1, 2, 3 kept.
A60: 4. Transformation parameters (editable inputs in blue)
A61: Parameter | B61: Value | C61: Note
A62: Dataset collection date (for Age) | B62: 45085 | C62: Given in the brief: 8th June 2023
A63: BMI: Underweight if below | B63: 18.5 | C63: Brief: below 18.5
A64: BMI: Normal Weight if below | B64: 25 | C64: Brief: 18.5–24.9 (values 24.91–24.99 treated as Normal)
A65: BMI: Overweight if below | B65: 30 | C65: Brief: 25.0–29.9; 30.0 and above = Obesity
A66: HbA1C: Normal if below | B66: 5.7 | C66: Brief: below 5.7
A67: HbA1C: Prediabetes if below | B67: 6.5 | C67: Brief: 5.7–6.4; 6.5 and above = Diabetes

Sheet Customer Names
A1: Customer ID | B1: name | C1: Title | D1: First Name | E1: Last Name
A2: Id1 | B2: Hawks, Ms. Kelly | C2: =TRIM(MID(B2,FIND(",",B2)+1,FIND(".",B2,FIND(",",B2))-FIND(",",B2))) -> Ms. | D2: =TRIM(MID(B2,FIND(".",B2,FIND(",",B2))+1,100)) -> Kelly | E2: =TRIM(LEFT(B2,FIND(",",B2)-1)) -> Hawks
A3: Id2 | B3: Lehner, Mr. Matthew D | C3: =TRIM(MID(B3,FIND(",",B3)+1,FIND(".",B3,FIND(",",B3))-FIND(",",B3))) -> Mr. | D3: =TRIM(MID(B3,FIND(".",B3,FIND(",",B3))+1,100)) -> Matthew D | E3: =TRIM(LEFT(B3,FIND(",",B3)-1)) -> Lehner
A4: Id3 | B4: Lu, Mr. Phil | C4: =TRIM(MID(B4,FIND(",",B4)+1,FIND(".",B4,FIND(",",B4))-FIND(",",B4))) -> Mr. | D4: =TRIM(MID(B4,FIND(".",B4,FIND(",",B4))+1,100)) -> Phil | E4: =TRIM(LEFT(B4,FIND(",",B4)-1)) -> Lu
A5: Id4 | B5: Osborne, Ms. Kelsey | C5: =TRIM(MID(B5,FIND(",",B5)+1,FIND(".",B5,FIND(",",B5))-FIND(",",B5))) -> Ms. | D5: =TRIM(MID(B5,FIND(".",B5,FIND(",",B5))+1,100)) -> Kelsey | E5: =TRIM(LEFT(B5,FIND(",",B5)-1)) -> Osborne
A6: Id5 | B6: Kadala, Ms. Kristyn | C6: =TRIM(MID(B6,FIND(",",B6)+1,FIND(".",B6,FIND(",",B6))-FIND(",",B6))) -> Ms. | D6: =TRIM(MID(B6,FIND(".",B6,FIND(",",B6))+1,100)) -> Kristyn | E6: =TRIM(LEFT(B6,FIND(",",B6)-1)) -> Kadala
A7: Id6 | B7: Baker, Mr. Russell B. | C7: =TRIM(MID(B7,FIND(",",B7)+1,FIND(".",B7,FIND(",",B7))-FIND(",",B7))) -> Mr. | D7: =TRIM(MID(B7,FIND(".",B7,FIND(",",B7))+1,100)) -> Russell B. | E7: =TRIM(LEFT(B7,FIND(",",B7)-1)) -> Baker
A8: Id7 | B8: Macpherson, Mr. Scott | C8: =TRIM(MID(B8,FIND(",",B8)+1,FIND(".",B8,FIND(",",B8))-FIND(",",B8))) -> Mr. | D8: =TRIM(MID(B8,FIND(".",B8,FIND(",",B8))+1,100)) -> Scott | E8: =TRIM(LEFT(B8,FIND(",",B8)-1)) -> Macpherson
A9: Id8 | B9: Hallman, Mr. Stephen | C9: =TRIM(MID(B9,FIND(",",B9)+1,FIND(".",B9,FIND(",",B9))-FIND(",",B9))) -> Mr. | D9: =TRIM(MID(B9,FIND(".",B9,FIND(",",B9))+1,100)) -> Stephen | E9: =TRIM(LEFT(B9,FIND(",",B9)-1)) -> Hallman
A10: Id9 | B10: Moran, Mr. Patrick R. | C10: =TRIM(MID(B10,FIND(",",B10)+1,FIND(".",B10,FIND(",",B10))-FIND(",",B10))) -> Mr. | D10: =TRIM(MID(B10,FIND(".",B10,FIND(",",B10))+1,100)) -> Patrick R. | E10: =TRIM(LEFT(B10,FIND(",",B10)-1)) -> Moran
A11: Id10 | B11: Benner, Ms. Brooke N. | C11: =TRIM(MID(B11,FIND(",",B11)+1,FIND(".",B11,FIND(",",B11))-FIND(",",B11))) -> Ms. | D11: =TRIM(MID(B11,FIND(".",B11,FIND(",",B11))+1,100)) -> Brooke N. | E11: =TRIM(LEFT(B11,FIND(",",B11)-1)) -> Benner
A12: Id11 | B12: Fierro Vargas, Ms. Paola Andrea | C12: =TRIM(MID(B12,FIND(",",B12)+1,FIND(".",B12,FIND(",",B12))-FIND(",",B12))) -> Ms. | D12: =TRIM(MID(B12,FIND(".",B12,FIND(",",B12))+1,100)) -> Paola Andrea | E12: =TRIM(LEFT(B12,FIND(",",B12)-1)) -> Fierro Vargas
A13: Id12 | B13: Franz, Mr. David | C13: =TRIM(MID(B13,FIND(",",B13)+1,FIND(".",B13,FIND(",",B13))-FIND(",",B13))) -> Mr. | D13: =TRIM(MID(B13,FIND(".",B13,FIND(",",B13))+1,100)) -> David | E13: =TRIM(LEFT(B13,FIND(",",B13)-1)) -> Franz
... A2336: Id2335 | B2336: German, Mr. Aaron K | C2336: =TRIM(MID(B2336,FIND(",",B2336)+1,FIND(".",B2336,FIND(",",B2336))-FIND(",",B2336))) -> Mr. | D2336: =TRIM(MID(B2336,FIND(".",B2336,FIND(",",B2336))+1,100)) -> Aaron K | E2336: =TRIM(LEFT(B2336,FIND(",",B2336)-1)) -> German

Sheet Medical Examinations
A1: Customer ID | B1: BMI | C1: HBA1C | D1: Heart Issues | E1: Any Transplants | F1: Cancer history | G1: NumberOfMajorSurgeries | H1: smoker | I1: Heart Issues (clean) | J1: Any Transplants (clean) | K1: Cancer history (clean) | L1: smoker (clean) | M1: NumberOfMajorSurgeries (numeric) | N1: Weight Status | O1: Diabetes Status
A2: Id1 | B2: 47.41 | C2: 7.47 | D2: No | E2: No | F2: No | G2: No major surgery | H2: yes | I2: =IF(LOWER(TRIM(D2))="yes","Yes","No") -> No | J2: =IF(LOWER(TRIM(E2))="yes","Yes","No") -> No | K2: =IF(LOWER(TRIM(F2))="yes","Yes","No") -> No | L2: =IF(TRIM(H2)="?",'Cleaning Summary'!$B$35,IF(LOWER(TRIM(H2))="yes","Yes","No")) -> Yes | M2: =IF(ISNUMBER(G2),G2,IF(LOWER(TRIM(G2))="no major surgery",0,"CHECK")) -> 0 | N2: =IF(B2<'Cleaning Summary'!$B$63,"Underweight",IF(B2<'Cleaning Summary'!$B$64,"Normal Weight",IF(B2<'Cleaning Summary'!$B$65,"Overweight","Obesity"))) -> Obesity | O2: =IF(C2<'Cleaning Summary'!$B$66,"Normal",IF(C2<'Cleaning Summary'!$B$67,"Prediabetes","Diabetes")) -> Diabetes
A3: Id2 | B3: 30.36 | C3: 5.77 | D3: No | E3: No | F3: No | G3: No major surgery | H3: yes | I3: =IF(LOWER(TRIM(D3))="yes","Yes","No") -> No | J3: =IF(LOWER(TRIM(E3))="yes","Yes","No") -> No | K3: =IF(LOWER(TRIM(F3))="yes","Yes","No") -> No | L3: =IF(TRIM(H3)="?",'Cleaning Summary'!$B$35,IF(LOWER(TRIM(H3))="yes","Yes","No")) -> Yes | M3: =IF(ISNUMBER(G3),G3,IF(LOWER(TRIM(G3))="no major surgery",0,"CHECK")) -> 0 | N3: =IF(B3<'Cleaning Summary'!$B$63,"Underweight",IF(B3<'Cleaning Summary'!$B$64,"Normal Weight",IF(B3<'Cleaning Summary'!$B$65,"Overweight","Obesity"))) -> Obesity | O3: =IF(C3<'Cleaning Summary'!$B$66,"Normal",IF(C3<'Cleaning Summary'!$B$67,"Prediabetes","Diabetes")) -> Prediabetes
A4: Id3 | B4: 34.485 | C4: 11.87 | D4: yes | E4: No | F4: No | G4: 2 | H4: yes | I4: =IF(LOWER(TRIM(D4))="yes","Yes","No") -> Yes | J4: =IF(LOWER(TRIM(E4))="yes","Yes","No") -> No | K4: =IF(LOWER(TRIM(F4))="yes","Yes","No") -> No | L4: =IF(TRIM(H4)="?",'Cleaning Summary'!$B$35,IF(LOWER(TRIM(H4))="yes","Yes","No")) -> Yes | M4: =IF(ISNUMBER(G4),G4,IF(LOWER(TRIM(G4))="no major surgery",0,"CHECK")) -> 2 | N4: =IF(B4<'Cleaning Summary'!$B$63,"Underweight",IF(B4<'Cleaning Summary'!$B$64,"Normal Weight",IF(B4<'Cleaning Summary'!$B$65,"Overweight","Obesity"))) -> Obesity | O4: =IF(C4<'Cleaning Summary'!$B$66,"Normal",IF(C4<'Cleaning Summary'!$B$67,"Prediabetes","Diabetes")) -> Diabetes
A5: Id4 | B5: 38.095 | C5: 6.05 | D5: No | E5: No | F5: No | G5: No major surgery | H5: yes | I5: =IF(LOWER(TRIM(D5))="yes","Yes","No") -> No | J5: =IF(LOWER(TRIM(E5))="yes","Yes","No") -> No | K5: =IF(LOWER(TRIM(F5))="yes","Yes","No") -> No | L5: =IF(TRIM(H5)="?",'Cleaning Summary'!$B$35,IF(LOWER(TRIM(H5))="yes","Yes","No")) -> Yes | M5: =IF(ISNUMBER(G5),G5,IF(LOWER(TRIM(G5))="no major surgery",0,"CHECK")) -> 0 | N5: =IF(B5<'Cleaning Summary'!$B$63,"Underweight",IF(B5<'Cleaning Summary'!$B$64,"Normal Weight",IF(B5<'Cleaning Summary'!$B$65,"Overweight","Obesity"))) -> Obesity | O5: =IF(C5<'Cleaning Summary'!$B$66,"Normal",IF(C5<'Cleaning Summary'!$B$67,"Prediabetes","Diabetes")) -> Prediabetes
A6: Id5 | B6: 35.53 | C6: 5.45 | D6: No | E6: No | F6: No | G6: No major surgery | H6: yes | I6: =IF(LOWER(TRIM(D6))="yes","Yes","No") -> No | J6: =IF(LOWER(TRIM(E6))="yes","Yes","No") -> No | K6: =IF(LOWER(TRIM(F6))="yes","Yes","No") -> No | L6: =IF(TRIM(H6)="?",'Cleaning Summary'!$B$35,IF(LOWER(TRIM(H6))="yes","Yes","No")) -> Yes | M6: =IF(ISNUMBER(G6),G6,IF(LOWER(TRIM(G6))="no major surgery",0,"CHECK")) -> 0 | N6: =IF(B6<'Cleaning Summary'!$B$63,"Underweight",IF(B6<'Cleaning Summary'!$B$64,"Normal Weight",IF(B6<'Cleaning Summary'!$B$65,"Overweight","Obesity"))) -> Obesity | O6: =IF(C6<'Cleaning Summary'!$B$66,"Normal",IF(C6<'Cleaning Summary'!$B$67,"Prediabetes","Diabetes")) -> Normal
A7: Id6 | B7: 32.8 | C7: 6.59 | D7: No | E7: No | F7: No | G7: No major surgery | H7: yes | I7: =IF(LOWER(TRIM(D7))="yes","Yes","No") -> No | J7: =IF(LOWER(TRIM(E7))="yes","Yes","No") -> No | K7: =IF(LOWER(TRIM(F7))="yes","Yes","No") -> No | L7: =IF(TRIM(H7)="?",'Cleaning Summary'!$B$35,IF(LOWER(TRIM(H7))="yes","Yes","No")) -> Yes | M7: =IF(ISNUMBER(G7),G7,IF(LOWER(TRIM(G7))="no major surgery",0,"CHECK")) -> 0 | N7: =IF(B7<'Cleaning Summary'!$B$63,"Underweight",IF(B7<'Cleaning Summary'!$B$64,"Normal Weight",IF(B7<'Cleaning Summary'!$B$65,"Overweight","Obesity"))) -> Obesity | O7: =IF(C7<'Cleaning Summary'!$B$66,"Normal",IF(C7<'Cleaning Summary'!$B$67,"Prediabetes","Diabetes")) -> Diabetes
A8: Id7 | B8: 36.4 | C8: 6.07 | D8: No | E8: No | F8: No | G8: No major surgery | H8: yes | I8: =IF(LOWER(TRIM(D8))="yes","Yes","No") -> No | J8: =IF(LOWER(TRIM(E8))="yes","Yes","No") -> No | K8: =IF(LOWER(TRIM(F8))="yes","Yes","No") -> No | L8: =IF(TRIM(H8)="?",'Cleaning Summary'!$B$35,IF(LOWER(TRIM(H8))="yes","Yes","No")) -> Yes | M8: =IF(ISNUMBER(G8),G8,IF(LOWER(TRIM(G8))="no major surgery",0,"CHECK")) -> 0 | N8: =IF(B8<'Cleaning Summary'!$B$63,"Underweight",IF(B8<'Cleaning Summary'!$B$64,"Normal Weight",IF(B8<'Cleaning Summary'!$B$65,"Overweight","Obesity"))) -> Obesity | O8: =IF(C8<'Cleaning Summary'!$B$66,"Normal",IF(C8<'Cleaning Summary'!$B$67,"Prediabetes","Diabetes")) -> Prediabetes
A9: Id8 | B9: 36.96 | C9: 7.93 | D9: No | E9: No | F9: No | G9: 3 | H9: yes | I9: =IF(LOWER(TRIM(D9))="yes","Yes","No") -> No | J9: =IF(LOWER(TRIM(E9))="yes","Yes","No") -> No | K9: =IF(LOWER(TRIM(F9))="yes","Yes","No") -> No | L9: =IF(TRIM(H9)="?",'Cleaning Summary'!$B$35,IF(LOWER(TRIM(H9))="yes","Yes","No")) -> Yes | M9: =IF(ISNUMBER(G9),G9,IF(LOWER(TRIM(G9))="no major surgery",0,"CHECK")) -> 3 | N9: =IF(B9<'Cleaning Summary'!$B$63,"Underweight",IF(B9<'Cleaning Summary'!$B$64,"Normal Weight",IF(B9<'Cleaning Summary'!$B$65,"Overweight","Obesity"))) -> Obesity | O9: =IF(C9<'Cleaning Summary'!$B$66,"Normal",IF(C9<'Cleaning Summary'!$B$67,"Prediabetes","Diabetes")) -> Diabetes
A10: Id9 | B10: 41.14 | C10: 9.58 | D10: yes | E10: No | F10: Yes | G10: 1 | H10: yes | I10: =IF(LOWER(TRIM(D10))="yes","Yes","No") -> Yes | J10: =IF(LOWER(TRIM(E10))="yes","Yes","No") -> No | K10: =IF(LOWER(TRIM(F10))="yes","Yes","No") -> Yes | L10: =IF(TRIM(H10)="?",'Cleaning Summary'!$B$35,IF(LOWER(TRIM(H10))="yes","Yes","No")) -> Yes | M10: =IF(ISNUMBER(G10),G10,IF(LOWER(TRIM(G10))="no major surgery",0,"CHECK")) -> 1 | N10: =IF(B10<'Cleaning Summary'!$B$63,"Underweight",IF(B10<'Cleaning Summary'!$B$64,"Normal Weight",IF(B10<'Cleaning Summary'!$B$65,"Overweight","Obesity"))) -> Obesity | O10: =IF(C10<'Cleaning Summary'!$B$66,"Normal",IF(C10<'Cleaning Summary'!$B$67,"Prediabetes","Diabetes")) -> Diabetes
A11: Id10 | B11: 38.06 | C11: 10.79 | D11: No | E11: No | F11: No | G11: No major surgery | H11: yes | I11: =IF(LOWER(TRIM(D11))="yes","Yes","No") -> No | J11: =IF(LOWER(TRIM(E11))="yes","Yes","No") -> No | K11: =IF(LOWER(TRIM(F11))="yes","Yes","No") -> No | L11: =IF(TRIM(H11)="?",'Cleaning Summary'!$B$35,IF(LOWER(TRIM(H11))="yes","Yes","No")) -> Yes | M11: =IF(ISNUMBER(G11),G11,IF(LOWER(TRIM(G11))="no major surgery",0,"CHECK")) -> 0 | N11: =IF(B11<'Cleaning Summary'!$B$63,"Underweight",IF(B11<'Cleaning Summary'!$B$64,"Normal Weight",IF(B11<'Cleaning Summary'!$B$65,"Overweight","Obesity"))) -> Obesity | O11: =IF(C11<'Cleaning Summary'!$B$66,"Normal",IF(C11<'Cleaning Summary'!$B$67,"Prediabetes","Diabetes")) -> Diabetes
A12: Id11 | B12: 37.7 | C12: 5.96 | D12: yes | E12: No | F12: No | G12: 2 | H12: yes | I12: =IF(LOWER(TRIM(D12))="yes","Yes","No") -> Yes | J12: =IF(LOWER(TRIM(E12))="yes","Yes","No") -> No | K12: =IF(LOWER(TRIM(F12))="yes","Yes","No") -> No | L12: =IF(TRIM(H12)="?",'Cleaning Summary'!$B$35,IF(LOWER(TRIM(H12))="yes","Yes","No")) -> Yes | M12: =IF(ISNUMBER(G12),G12,IF(LOWER(TRIM(G12))="no major surgery",0,"CHECK")) -> 2 | N12: =IF(B12<'Cleaning Summary'!$B$63,"Underweight",IF(B12<'Cleaning Summary'!$B$64,"Normal Weight",IF(B12<'Cleaning Summary'!$B$65,"Overweight","Obesity"))) -> Obesity | O12: =IF(C12<'Cleaning Summary'!$B$66,"Normal",IF(C12<'Cleaning Summary'!$B$67,"Prediabetes","Diabetes")) -> Prediabetes
A13: Id12 | B13: 42.13 | C13: 11.9 | D13: No | E13: No | F13: No | G13: No major surgery | H13: yes | I13: =IF(LOWER(TRIM(D13))="yes","Yes","No") -> No | J13: =IF(LOWER(TRIM(E13))="yes","Yes","No") -> No | K13: =IF(LOWER(TRIM(F13))="yes","Yes","No") -> No | L13: =IF(TRIM(H13)="?",'Cleaning Summary'!$B$35,IF(LOWER(TRIM(H13))="yes","Yes","No")) -> Yes | M13: =IF(ISNUMBER(G13),G13,IF(LOWER(TRIM(G13))="no major surgery",0,"CHECK")) -> 0 | N13: =IF(B13<'Cleaning Summary'!$B$63,"Underweight",IF(B13<'Cleaning Summary'!$B$64,"Normal Weight",IF(B13<'Cleaning Summary'!$B$65,"Overweight","Obesity"))) -> Obesity | O13: =IF(C13<'Cleaning Summary'!$B$66,"Normal",IF(C13<'Cleaning Summary'!$B$67,"Prediabetes","Diabetes")) -> Diabetes
A14: Id13 | B14: 40.92 | C14: 8.41 | D14: No | E14: No | F14: No | G14: No major surgery | H14: yes | I14: =IF(LOWER(TRIM(D14))="yes","Yes","No") -> No | J14: =IF(LOWER(TRIM(E14))="yes","Yes","No") -> No | K14: =IF(LOWER(TRIM(F14))="yes","Yes","No") -> No | L14: =IF(TRIM(H14)="?",'Cleaning Summary'!$B$35,IF(LOWER(TRIM(H14))="yes","Yes","No")) -> Yes | M14: =IF(ISNUMBER(G14),G14,IF(LOWER(TRIM(G14))="no major surgery",0,"CHECK")) -> 0 | N14: =IF(B14<'Cleaning Summary'!$B$63,"Underweight",IF(B14<'Cleaning Summary'!$B$64,"Normal Weight",IF(B14<'Cleaning Summary'!$B$65,"Overweight","Obesity"))) -> Obesity | O14: =IF(C14<'Cleaning Summary'!$B$66,"Normal",IF(C14<'Cleaning Summary'!$B$67,"Prediabetes","Diabetes")) -> Diabetes
A15: Id14 | B15: 40.565 | C15: 7.02 | D15: No | E15: No | F15: No | G15: No major surgery | H15: yes | I15: =IF(LOWER(TRIM(D15))="yes","Yes","No") -> No | J15: =IF(LOWER(TRIM(E15))="yes","Yes","No") -> No | K15: =IF(LOWER(TRIM(F15))="yes","Yes","No") -> No | L15: =IF(TRIM(H15)="?",'Cleaning Summary'!$B$35,IF(LOWER(TRIM(H15))="yes","Yes","No")) -> Yes | M15: =IF(ISNUMBER(G15),G15,IF(LOWER(TRIM(G15))="no major surgery",0,"CHECK")) -> 0 | N15: =IF(B15<'Cleaning Summary'!$B$63,"Underweight",IF(B15<'Cleaning Summary'!$B$64,"Normal Weight",IF(B15<'Cleaning Summary'!$B$65,"Overweight","Obesity"))) -> Obesity | O15: =IF(C15<'Cleaning Summary'!$B$66,"Normal",IF(C15<'Cleaning Summary'!$B$67,"Prediabetes","Diabetes")) -> Diabetes
A16: Id15 | B16: 36.385 | C16: 7.59 | D16: yes | E16: No | F16: No | G16: 2 | H16: yes | I16: =IF(LOWER(TRIM(D16))="yes","Yes","No") -> Yes | J16: =IF(LOWER(TRIM(E16))="yes","Yes","No") -> No | K16: =IF(LOWER(TRIM(F16))="yes","Yes","No") -> No | L16: =IF(TRIM(H16)="?",'Cleaning Summary'!$B$35,IF(LOWER(TRIM(H16))="yes","Yes","No")) -> Yes | M16: =IF(ISNUMBER(G16),G16,IF(LOWER(TRIM(G16))="no major surgery",0,"CHECK")) -> 2 | N16: =IF(B16<'Cleaning Summary'!$B$63,"Underweight",IF(B16<'Cleaning Summary'!$B$64,"Normal Weight",IF(B16<'Cleaning Summary'!$B$65,"Overweight","Obesity"))) -> Obesity | O16: =IF(C16<'Cleaning Summary'!$B$66,"Normal",IF(C16<'Cleaning Summary'!$B$67,"Prediabetes","Diabetes")) -> Diabetes
A17: Id16 | B17: 39.9 | C17: 11.32 | D17: No | E17: No | F17: No | G17: No major surgery | H17: yes | I17: =IF(LOWER(TRIM(D17))="yes","Yes","No") -> No | J17: =IF(LOWER(TRIM(E17))="yes","Yes","No") -> No | K17: =IF(LOWER(TRIM(F17))="yes","Yes","No") -> No | L17: =IF(TRIM(H17)="?",'Cleaning Summary'!$B$35,IF(LOWER(TRIM(H17))="yes","Yes","No")) -> Yes | M17: =IF(ISNUMBER(G17),G17,IF(LOWER(TRIM(G17))="no major surgery",0,"CHECK")) -> 0 | N17: =IF(B17<'Cleaning Summary'!$B$63,"Underweight",IF(B17<'Cleaning Summary'!$B$64,"Normal Weight",IF(B17<'Cleaning Summary'!$B$65,"Overweight","Obesity"))) -> Obesity | O17: =IF(C17<'Cleaning Summary'!$B$66,"Normal",IF(C17<'Cleaning Summary'!$B$67,"Prediabetes","Diabetes")) -> Diabetes
A18: Id17 | B18: 33.8 | C18: 7.67 | D18: No | E18: No | F18: No | G18: 3 | H18: yes | I18: =IF(LOWER(TRIM(D18))="yes","Yes","No") -> No | J18: =IF(LOWER(TRIM(E18))="yes","Yes","No") -> No | K18: =IF(LOWER(TRIM(F18))="yes","Yes","No") -> No | L18: =IF(TRIM(H18)="?",'Cleaning Summary'!$B$35,IF(LOWER(TRIM(H18))="yes","Yes","No")) -> Yes | M18: =IF(ISNUMBER(G18),G18,IF(LOWER(TRIM(G18))="no major surgery",0,"CHECK")) -> 3 | N18: =IF(B18<'Cleaning Summary'!$B$63,"Underweight",IF(B18<'Cleaning Summary'!$B$64,"Normal Weight",IF(B18<'Cleaning Summary'!$B$65,"Overweight","Obesity"))) -> Obesity | O18: =IF(C18<'Cleaning Summary'!$B$66,"Normal",IF(C18<'Cleaning Summary'!$B$67,"Prediabetes","Diabetes")) -> Diabetes
A19: Id18 | B19: 36.765 | C19: 7.29 | D19: yes | E19: No | F19: Yes | G19: 1 | H19: yes | I19: =IF(LOWER(TRIM(D19))="yes","Yes","No") -> Yes | J19: =IF(LOWER(TRIM(E19))="yes","Yes","No") -> No | K19: =IF(LOWER(TRIM(F19))="yes","Yes","No") -> Yes | L19: =IF(TRIM(H19)="?",'Cleaning Summary'!$B$35,IF(LOWER(TRIM(H19))="yes","Yes","No")) -> Yes | M19: =IF(ISNUMBER(G19),G19,IF(LOWER(TRIM(G19))="no major surgery",0,"CHECK")) -> 1 | N19: =IF(B19<'Cleaning Summary'!$B$63,"Underweight",IF(B19<'Cleaning Summary'!$B$64,"Normal Weight",IF(B19<'Cleaning Summary'!$B$65,"Overweight","Obesity"))) -> Obesity | O19: =IF(C19<'Cleaning Summary'!$B$66,"Normal",IF(C19<'Cleaning Summary'!$B$67,"Prediabetes","Diabetes")) -> Diabetes
A20: Id19 | B20: 36.955 | C20: 4.72 | D20: yes | E20: No | F20: No | G20: 1 | H20: yes | I20: =IF(LOWER(TRIM(D20))="yes","Yes","No") -> Yes | J20: =IF(LOWER(TRIM(E20))="yes","Yes","No") -> No | K20: =IF(LOWER(TRIM(F20))="yes","Yes","No") -> No | L20: =IF(TRIM(H20)="?",'Cleaning Summary'!$B$35,IF(LOWER(TRIM(H20))="yes","Yes","No")) -> Yes | M20: =IF(ISNUMBER(G20),G20,IF(LOWER(TRIM(G20))="no major surgery",0,"CHECK")) -> 1 | N20: =IF(B20<'Cleaning Summary'!$B$63,"Underweight",IF(B20<'Cleaning Summary'!$B$64,"Normal Weight",IF(B20<'Cleaning Summary'!$B$65,"Overweight","Obesity"))) -> Obesity | O20: =IF(C20<'Cleaning Summary'!$B$66,"Normal",IF(C20<'Cleaning Summary'!$B$67,"Prediabetes","Diabetes")) -> Normal
A21: Id20 | B21: 42.9 | C21: 11.41 | D21: No | E21: No | F21: No | G21: No major surgery | H21: yes | I21: =IF(LOWER(TRIM(D21))="yes","Yes","No") -> No | J21: =IF(LOWER(TRIM(E21))="yes","Yes","No") -> No | K21: =IF(LOWER(TRIM(F21))="yes","Yes","No") -> No | L21: =IF(TRIM(H21)="?",'Cleaning Summary'!$B$35,IF(LOWER(TRIM(H21))="yes","Yes","No")) -> Yes | M21: =IF(ISNUMBER(G21),G21,IF(LOWER(TRIM(G21))="no major surgery",0,"CHECK")) -> 0 | N21: =IF(B21<'Cleaning Summary'!$B$63,"Underweight",IF(B21<'Cleaning Summary'!$B$64,"Normal Weight",IF(B21<'Cleaning Summary'!$B$65,"Overweight","Obesity"))) -> Obesity | O21: =IF(C21<'Cleaning Summary'!$B$66,"Normal",IF(C21<'Cleaning Summary'!$B$67,"Prediabetes","Diabetes")) -> Diabetes
A22: Id21 | B22: 36.3 | C22: 11.5 | D22: yes | E22: No | F22: No | G22: 2 | H22: yes | I22: =IF(LOWER(TRIM(D22))="yes","Yes","No") -> Yes | J22: =IF(LOWER(TRIM(E22))="yes","Yes","No") -> No | K22: =IF(LOWER(TRIM(F22))="yes","Yes","No") -> No | L22: =IF(TRIM(H22)="?",'Cleaning Summary'!$B$35,IF(LOWER(TRIM(H22))="yes","Yes","No")) -> Yes | M22: =IF(ISNUMBER(G22),G22,IF(LOWER(TRIM(G22))="no major surgery",0,"CHECK")) -> 2 | N22: =IF(B22<'Cleaning Summary'!$B$63,"Underweight",IF(B22<'Cleaning Summary'!$B$64,"Normal Weight",IF(B22<'Cleaning Summary'!$B$65,"Overweight","Obesity"))) -> Obesity | O22: =IF(C22<'Cleaning Summary'!$B$66,"Normal",IF(C22<'Cleaning Summary'!$B$67,"Prediabetes","Diabetes")) -> Diabetes
A23: Id22 | B23: 32.2 | C23: 6.22 | D23: yes | E23: No | F23: No | G23: 2 | H23: yes | I23: =IF(LOWER(TRIM(D23))="yes","Yes","No") -> Yes | J23: =IF(LOWER(TRIM(E23))="yes","Yes","No") -> No | K23: =IF(LOWER(TRIM(F23))="yes","Yes","No") -> No | L23: =IF(TRIM(H23)="?",'Cleaning Summary'!$B$35,IF(LOWER(TRIM(H23))="yes","Yes","No")) -> Yes | M23: =IF(ISNUMBER(G23),G23,IF(LOWER(TRIM(G23))="no major surgery",0,"CHECK")) -> 2 | N23: =IF(B23<'Cleaning Summary'!$B$63,"Underweight",IF(B23<'Cleaning Summary'!$B$64,"Normal Weight",IF(B23<'Cleaning Summary'!$B$65,"Overweight","Obesity"))) -> Obesity | O23: =IF(C23<'Cleaning Summary'!$B$66,"Normal",IF(C23<'Cleaning Summary'!$B$67,"Prediabetes","Diabetes")) -> Prediabetes
A24: Id23 | B24: 31.3 | C24: 11.38 | D24: No | E24: No | F24: No | G24: 3 | H24: yes | I24: =IF(LOWER(TRIM(D24))="yes","Yes","No") -> No | J24: =IF(LOWER(TRIM(E24))="yes","Yes","No") -> No | K24: =IF(LOWER(TRIM(F24))="yes","Yes","No") -> No | L24: =IF(TRIM(H24)="?",'Cleaning Summary'!$B$35,IF(LOWER(TRIM(H24))="yes","Yes","No")) -> Yes | M24: =IF(ISNUMBER(G24),G24,IF(LOWER(TRIM(G24))="no major surgery",0,"CHECK")) -> 3 | N24: =IF(B24<'Cleaning Summary'!$B$63,"Underweight",IF(B24<'Cleaning Summary'!$B$64,"Normal Weight",IF(B24<'Cleaning Summary'!$B$65,"Overweight","Obesity"))) -> Obesity | O24: =IF(C24<'Cleaning Summary'!$B$66,"Normal",IF(C24<'Cleaning Summary'!$B$67,"Prediabetes","Diabetes")) -> Diabetes
A25: Id24 | B25: 41.8 | C25: 7.89 | D25: yes | E25: No | F25: No | G25: 2 | H25: yes | I25: =IF(LOWER(TRIM(D25))="yes","Yes","No") -> Yes | J25: =IF(LOWER(TRIM(E25))="yes","Yes","No") -> No | K25: =IF(LOWER(TRIM(F25))="yes","Yes","No") -> No | L25: =IF(TRIM(H25)="?",'Cleaning Summary'!$B$35,IF(LOWER(TRIM(H25))="yes","Yes","No")) -> Yes | M25: =IF(ISNUMBER(G25),G25,IF(LOWER(TRIM(G25))="no major surgery",0,"CHECK")) -> 2 | N25: =IF(B25<'Cleaning Summary'!$B$63,"Underweight",IF(B25<'Cleaning Summary'!$B$64,"Normal Weight",IF(B25<'Cleaning Summary'!$B$65,"Overweight","Obesity"))) -> Obesity | O25: =IF(C25<'Cleaning Summary'!$B$66,"Normal",IF(C25<'Cleaning Summary'!$B$67,"Prediabetes","Diabetes")) -> Diabetes
A26: Id25 | B26: 35.09 | C26: 4.38 | D26: yes | E26: No | F26: No | G26: 2 | H26: yes | I26: =IF(LOWER(TRIM(D26))="yes","Yes","No") -> Yes | J26: =IF(LOWER(TRIM(E26))="yes","Yes","No") -> No | K26: =IF(LOWER(TRIM(F26))="yes","Yes","No") -> No | L26: =IF(TRIM(H26)="?",'Cleaning Summary'!$B$35,IF(LOWER(TRIM(H26))="yes","Yes","No")) -> Yes | M26: =IF(ISNUMBER(G26),G26,IF(LOWER(TRIM(G26))="no major surgery",0,"CHECK")) -> 2 | N26: =IF(B26<'Cleaning Summary'!$B$63,"Underweight",IF(B26<'Cleaning Summary'!$B$64,"Normal Weight",IF(B26<'Cleaning Summary'!$B$65,"Overweight","Obesity"))) -> Obesity | O26: =IF(C26<'Cleaning Summary'!$B$66,"Normal",IF(C26<'Cleaning Summary'!$B$67,"Prediabetes","Diabetes")) -> Normal
A27: Id26 | B27: 33.88 | C27: 7.01 | D27: No | E27: No | F27: No | G27: 3 | H27: yes | I27: =IF(LOWER(TRIM(D27))="yes","Yes","No") -> No | J27: =IF(LOWER(TRIM(E27))="yes","Yes","No") -> No | K27: =IF(LOWER(TRIM(F27))="yes","Yes","No") -> No | L27: =IF(TRIM(H27)="?",'Cleaning Summary'!$B$35,IF(LOWER(TRIM(H27))="yes","Yes","No")) -> Yes | M27: =IF(ISNUMBER(G27),G27,IF(LOWER(TRIM(G27))="no major surgery",0,"CHECK")) -> 3 | N27: =IF(B27<'Cleaning Summary'!$B$63,"Underweight",IF(B27<'Cleaning Summary'!$B$64,"Normal Weight",IF(B27<'Cleaning Summary'!$B$65,"Overweight","Obesity"))) -> Obesity | O27: =IF(C27<'Cleaning Summary'!$B$66,"Normal",IF(C27<'Cleaning Summary'!$B$67,"Prediabetes","Diabetes")) -> Diabetes
A28: Id27 | B28: 30.875 | C28: 11.88 | D28: No | E28: No | F28: No | G28: No major surgery | H28: yes | I28: =IF(LOWER(TRIM(D28))="yes","Yes","No") -> No | J28: =IF(LOWER(TRIM(E28))="yes","Yes","No") -> No | K28: =IF(LOWER(TRIM(F28))="yes","Yes","No") -> No | L28: =IF(TRIM(H28)="?",'Cleaning Summary'!$B$35,IF(LOWER(TRIM(H28))="yes","Yes","No")) -> Yes | M28: =IF(ISNUMBER(G28),G28,IF(LOWER(TRIM(G28))="no major surgery",0,"CHECK")) -> 0 | N28: =IF(B28<'Cleaning Summary'!$B$63,"Underweight",IF(B28<'Cleaning Summary'!$B$64,"Normal Weight",IF(B28<'Cleaning Summary'!$B$65,"Overweight","Obesity"))) -> Obesity | O28: =IF(C28<'Cleaning Summary'!$B$66,"Normal",IF(C28<'Cleaning Summary'!$B$67,"Prediabetes","Diabetes")) -> Diabetes
A29: Id28 | B29: 36.86 | C29: 5.19 | D29: yes | E29: No | F29: Yes | G29: 1 | H29: yes | I29: =IF(LOWER(TRIM(D29))="yes","Yes","No") -> Yes | J29: =IF(LOWER(TRIM(E29))="yes","Yes","No") -> No | K29: =IF(LOWER(TRIM(F29))="yes","Yes","No") -> Yes | L29: =IF(TRIM(H29)="?",'Cleaning Summary'!$B$35,IF(LOWER(TRIM(H29))="yes","Yes","No")) -> Yes | M29: =IF(ISNUMBER(G29),G29,IF(LOWER(TRIM(G29))="no major surgery",0,"CHECK")) -> 1 | N29: =IF(B29<'Cleaning Summary'!$B$63,"Underweight",IF(B29<'Cleaning Summary'!$B$64,"Normal Weight",IF(B29<'Cleaning Summary'!$B$65,"Overweight","Obesity"))) -> Obesity | O29: =IF(C29<'Cleaning Summary'!$B$66,"Normal",IF(C29<'Cleaning Summary'!$B$67,"Prediabetes","Diabetes")) -> Normal
A30: Id29 | B30: 35.86 | C30: 6.74 | D30: yes | E30: No | F30: No | G30: 2 | H30: yes | I30: =IF(LOWER(TRIM(D30))="yes","Yes","No") -> Yes | J30: =IF(LOWER(TRIM(E30))="yes","Yes","No") -> No | K30: =IF(LOWER(TRIM(F30))="yes","Yes","No") -> No | L30: =IF(TRIM(H30)="?",'Cleaning Summary'!$B$35,IF(LOWER(TRIM(H30))="yes","Yes","No")) -> Yes | M30: =IF(ISNUMBER(G30),G30,IF(LOWER(TRIM(G30))="no major surgery",0,"CHECK")) -> 2 | N30: =IF(B30<'Cleaning Summary'!$B$63,"Underweight",IF(B30<'Cleaning Summary'!$B$64,"Normal Weight",IF(B30<'Cleaning Summary'!$B$65,"Overweight","Obesity"))) -> Obesity | O30: =IF(C30<'Cleaning Summary'!$B$66,"Normal",IF(C30<'Cleaning Summary'!$B$67,"Prediabetes","Diabetes")) -> Diabetes
A31: Id30 | B31: 37.05 | C31: 8.44 | D31: No | E31: No | F31: No | G31: No major surgery | H31: yes | I31: =IF(LOWER(TRIM(D31))="yes","Yes","No") -> No | J31: =IF(LOWER(TRIM(E31))="yes","Yes","No") -> No | K31: =IF(LOWER(TRIM(F31))="yes","Yes","No") -> No | L31: =IF(TRIM(H31)="?",'Cleaning Summary'!$B$35,IF(LOWER(TRIM(H31))="yes","Yes","No")) -> Yes | M31: =IF(ISNUMBER(G31),G31,IF(LOWER(TRIM(G31))="no major surgery",0,"CHECK")) -> 0 | N31: =IF(B31<'Cleaning Summary'!$B$63,"Underweight",IF(B31<'Cleaning Summary'!$B$64,"Normal Weight",IF(B31<'Cleaning Summary'!$B$65,"Overweight","Obesity"))) -> Obesity | O31: =IF(C31<'Cleaning Summary'!$B$66,"Normal",IF(C31<'Cleaning Summary'!$B$67,"Prediabetes","Diabetes")) -> Diabetes
A32: Id31 | B32: 43.89 | C32: 8.71 | D32: No | E32: No | F32: No | G32: No major surgery | H32: yes | I32: =IF(LOWER(TRIM(D32))="yes","Yes","No") -> No | J32: =IF(LOWER(TRIM(E32))="yes","Yes","No") -> No | K32: =IF(LOWER(TRIM(F32))="yes","Yes","No") -> No | L32: =IF(TRIM(H32)="?",'Cleaning Summary'!$B$35,IF(LOWER(TRIM(H32))="yes","Yes","No")) -> Yes | M32: =IF(ISNUMBER(G32),G32,IF(LOWER(TRIM(G32))="no major surgery",0,"CHECK")) -> 0 | N32: =IF(B32<'Cleaning Summary'!$B$63,"Underweight",IF(B32<'Cleaning Summary'!$B$64,"Normal Weight",IF(B32<'Cleaning Summary'!$B$65,"Overweight","Obesity"))) -> Obesity | O32: =IF(C32<'Cleaning Summary'!$B$66,"Normal",IF(C32<'Cleaning Summary'!$B$67,"Prediabetes","Diabetes")) -> Diabetes
A33: Id32 | B33: 42.35 | C33: 5.08 | D33: yes | E33: No | F33: No | G33: No major surgery | H33: yes | I33: =IF(LOWER(TRIM(D33))="yes","Yes","No") -> Yes | J33: =IF(LOWER(TRIM(E33))="yes","Yes","No") -> No | K33: =IF(LOWER(TRIM(F33))="yes","Yes","No") -> No | L33: =IF(TRIM(H33)="?",'Cleaning Summary'!$B$35,IF(LOWER(TRIM(H33))="yes","Yes","No")) -> Yes | M33: =IF(ISNUMBER(G33),G33,IF(LOWER(TRIM(G33))="no major surgery",0,"CHECK")) -> 0 | N33: =IF(B33<'Cleaning Summary'!$B$63,"Underweight",IF(B33<'Cleaning Summary'!$B$64,"Normal Weight",IF(B33<'Cleaning Summary'!$B$65,"Overweight","Obesity"))) -> Obesity | O33: =IF(C33<'Cleaning Summary'!$B$66,"Normal",IF(C33<'Cleaning Summary'!$B$67,"Prediabetes","Diabetes")) -> Normal
A34: Id33 | B34: 31.35 | C34: 6.86 | D34: No | E34: No | F34: No | G34: No major surgery | H34: yes | I34: =IF(LOWER(TRIM(D34))="yes","Yes","No") -> No | J34: =IF(LOWER(TRIM(E34))="yes","Yes","No") -> No | K34: =IF(LOWER(TRIM(F34))="yes","Yes","No") -> No | L34: =IF(TRIM(H34)="?",'Cleaning Summary'!$B$35,IF(LOWER(TRIM(H34))="yes","Yes","No")) -> Yes | M34: =IF(ISNUMBER(G34),G34,IF(LOWER(TRIM(G34))="no major surgery",0,"CHECK")) -> 0 | N34: =IF(B34<'Cleaning Summary'!$B$63,"Underweight",IF(B34<'Cleaning Summary'!$B$64,"Normal Weight",IF(B34<'Cleaning Summary'!$B$65,"Overweight","Obesity"))) -> Obesity | O34: =IF(C34<'Cleaning Summary'!$B$66,"Normal",IF(C34<'Cleaning Summary'!$B$67,"Prediabetes","Diabetes")) -> Diabetes
A35: Id34 | B35: 47.6 | C35: 5.95 | D35: yes | E35: No | F35: No | G35: No major surgery | H35: yes | I35: =IF(LOWER(TRIM(D35))="yes","Yes","No") -> Yes | J35: =IF(LOWER(TRIM(E35))="yes","Yes","No") -> No | K35: =IF(LOWER(TRIM(F35))="yes","Yes","No") -> No | L35: =IF(TRIM(H35)="?",'Cleaning Summary'!$B$35,IF(LOWER(TRIM(H35))="yes","Yes","No")) -> Yes | M35: =IF(ISNUMBER(G35),G35,IF(LOWER(TRIM(G35))="no major surgery",0,"CHECK")) -> 0 | N35: =IF(B35<'Cleaning Summary'!$B$63,"Underweight",IF(B35<'Cleaning Summary'!$B$64,"Normal Weight",IF(B35<'Cleaning Summary'!$B$65,"Overweight","Obesity"))) -> Obesity | O35: =IF(C35<'Cleaning Summary'!$B$66,"Normal",IF(C35<'Cleaning Summary'!$B$67,"Prediabetes","Diabetes")) -> Prediabetes
A36: Id35 | B36: 46.2 | C36: 6.09 | D36: No | E36: No | F36: Yes | G36: 1 | H36: yes | I36: =IF(LOWER(TRIM(D36))="yes","Yes","No") -> No | J36: =IF(LOWER(TRIM(E36))="yes","Yes","No") -> No | K36: =IF(LOWER(TRIM(F36))="yes","Yes","No") -> Yes | L36: =IF(TRIM(H36)="?",'Cleaning Summary'!$B$35,IF(LOWER(TRIM(H36))="yes","Yes","No")) -> Yes | M36: =IF(ISNUMBER(G36),G36,IF(LOWER(TRIM(G36))="no major surgery",0,"CHECK")) -> 1 | N36: =IF(B36<'Cleaning Summary'!$B$63,"Underweight",IF(B36<'Cleaning Summary'!$B$64,"Normal Weight",IF(B36<'Cleaning Summary'!$B$65,"Overweight","Obesity"))) -> Obesity | O36: =IF(C36<'Cleaning Summary'!$B$66,"Normal",IF(C36<'Cleaning Summary'!$B$67,"Prediabetes","Diabetes")) -> Prediabetes
A37: Id36 | B37: 32.015 | C37: 11.75 | D37: No | E37: No | F37: No | G37: No major surgery | H37: yes | I37: =IF(LOWER(TRIM(D37))="yes","Yes","No") -> No | J37: =IF(LOWER(TRIM(E37))="yes","Yes","No") -> No | K37: =IF(LOWER(TRIM(F37))="yes","Yes","No") -> No | L37: =IF(TRIM(H37)="?",'Cleaning Summary'!$B$35,IF(LOWER(TRIM(H37))="yes","Yes","No")) -> Yes | M37: =IF(ISNUMBER(G37),G37,IF(LOWER(TRIM(G37))="no major surgery",0,"CHECK")) -> 0 | N37: =IF(B37<'Cleaning Summary'!$B$63,"Underweight",IF(B37<'Cleaning Summary'!$B$64,"Normal Weight",IF(B37<'Cleaning Summary'!$B$65,"Overweight","Obesity"))) -> Obesity | O37: =IF(C37<'Cleaning Summary'!$B$66,"Normal",IF(C37<'Cleaning Summary'!$B$67,"Prediabetes","Diabetes")) -> Diabetes
A38: Id37 | B38: 40.565 | C38: 7.37 | D38: No | E38: No | F38: No | G38: No major surgery | H38: yes | I38: =IF(LOWER(TRIM(D38))="yes","Yes","No") -> No | J38: =IF(LOWER(TRIM(E38))="yes","Yes","No") -> No | K38: =IF(LOWER(TRIM(F38))="yes","Yes","No") -> No | L38: =IF(TRIM(H38)="?",'Cleaning Summary'!$B$35,IF(LOWER(TRIM(H38))="yes","Yes","No")) -> Yes | M38: =IF(ISNUMBER(G38),G38,IF(LOWER(TRIM(G38))="no major surgery",0,"CHECK")) -> 0 | N38: =IF(B38<'Cleaning Summary'!$B$63,"Underweight",IF(B38<'Cleaning Summary'!$B$64,"Normal Weight",IF(B38<'Cleaning Summary'!$B$65,"Overweight","Obesity"))) -> Obesity | O38: =IF(C38<'Cleaning Summary'!$B$66,"Normal",IF(C38<'Cleaning Summary'!$B$67,"Prediabetes","Diabetes")) -> Diabetes
A39: Id38 | B39: 32.45 | C39: 11.91 | D39: No | E39: No | F39: No | G39: No major surgery | H39: yes | I39: =IF(LOWER(TRIM(D39))="yes","Yes","No") -> No | J39: =IF(LOWER(TRIM(E39))="yes","Yes","No") -> No | K39: =IF(LOWER(TRIM(F39))="yes","Yes","No") -> No | L39: =IF(TRIM(H39)="?",'Cleaning Summary'!$B$35,IF(LOWER(TRIM(H39))="yes","Yes","No")) -> Yes | M39: =IF(ISNUMBER(G39),G39,IF(LOWER(TRIM(G39))="no major surgery",0,"CHECK")) -> 0 | N39: =IF(B39<'Cleaning Summary'!$B$63,"Underweight",IF(B39<'Cleaning Summary'!$B$64,"Normal Weight",IF(B39<'Cleaning Summary'!$B$65,"Overweight","Obesity"))) -> Obesity | O39: =IF(C39<'Cleaning Summary'!$B$66,"Normal",IF(C39<'Cleaning Summary'!$B$67,"Prediabetes","Diabetes")) -> Diabetes
A40: Id39 | B40: 34.96 | C40: 6.52 | D40: No | E40: No | F40: No | G40: No major surgery | H40: yes | I40: =IF(LOWER(TRIM(D40))="yes","Yes","No") -> No | J40: =IF(LOWER(TRIM(E40))="yes","Yes","No") -> No | K40: =IF(LOWER(TRIM(F40))="yes","Yes","No") -> No | L40: =IF(TRIM(H40)="?",'Cleaning Summary'!$B$35,IF(LOWER(TRIM(H40))="yes","Yes","No")) -> Yes | M40: =IF(ISNUMBER(G40),G40,IF(LOWER(TRIM(G40))="no major surgery",0,"CHECK")) -> 0 | N40: =IF(B40<'Cleaning Summary'!$B$63,"Underweight",IF(B40<'Cleaning Summary'!$B$64,"Normal Weight",IF(B40<'Cleaning Summary'!$B$65,"Overweight","Obesity"))) -> Obesity | O40: =IF(C40<'Cleaning Summary'!$B$66,"Normal",IF(C40<'Cleaning Summary'!$B$67,"Prediabetes","Diabetes")) -> Diabetes
A41: Id40 | B41: 35.5 | C41: 5.14 | D41: No | E41: No | F41: Yes | G41: 1 | H41: yes | I41: =IF(LOWER(TRIM(D41))="yes","Yes","No") -> No | J41: =IF(LOWER(TRIM(E41))="yes","Yes","No") -> No | K41: =IF(LOWER(TRIM(F41))="yes","Yes","No") -> Yes | L41: =IF(TRIM(H41)="?",'Cleaning Summary'!$B$35,IF(LOWER(TRIM(H41))="yes","Yes","No")) -> Yes | M41: =IF(ISNUMBER(G41),G41,IF(LOWER(TRIM(G41))="no major surgery",0,"CHECK")) -> 1 | N41: =IF(B41<'Cleaning Summary'!$B$63,"Underweight",IF(B41<'Cleaning Summary'!$B$64,"Normal Weight",IF(B41<'Cleaning Summary'!$B$65,"Overweight","Obesity"))) -> Obesity | O41: =IF(C41<'Cleaning Summary'!$B$66,"Normal",IF(C41<'Cleaning Summary'!$B$67,"Prediabetes","Diabetes")) -> Normal
A42: Id41 | B42: 52.58 | C42: 4.19 | D42: No | E42: yes | F42: No | G42: 1 | H42: yes | I42: =IF(LOWER(TRIM(D42))="yes","Yes","No") -> No | J42: =IF(LOWER(TRIM(E42))="yes","Yes","No") -> Yes | K42: =IF(LOWER(TRIM(F42))="yes","Yes","No") -> No | L42: =IF(TRIM(H42)="?",'Cleaning Summary'!$B$35,IF(LOWER(TRIM(H42))="yes","Yes","No")) -> Yes | M42: =IF(ISNUMBER(G42),G42,IF(LOWER(TRIM(G42))="no major surgery",0,"CHECK")) -> 1 | N42: =IF(B42<'Cleaning Summary'!$B$63,"Underweight",IF(B42<'Cleaning Summary'!$B$64,"Normal Weight",IF(B42<'Cleaning Summary'!$B$65,"Overweight","Obesity"))) -> Obesity | O42: =IF(C42<'Cleaning Summary'!$B$66,"Normal",IF(C42<'Cleaning Summary'!$B$67,"Prediabetes","Diabetes")) -> Normal
A43: Id42 | B43: 35.2 | C43: 11.68 | D43: yes | E43: No | F43: No | G43: No major surgery | H43: yes | I43: =IF(LOWER(TRIM(D43))="yes","Yes","No") -> Yes | J43: =IF(LOWER(TRIM(E43))="yes","Yes","No") -> No | K43: =IF(LOWER(TRIM(F43))="yes","Yes","No") -> No | L43: =IF(TRIM(H43)="?",'Cleaning Summary'!$B$35,IF(LOWER(TRIM(H43))="yes","Yes","No")) -> Yes | M43: =IF(ISNUMBER(G43),G43,IF(LOWER(TRIM(G43))="no major surgery",0,"CHECK")) -> 0 | N43: =IF(B43<'Cleaning Summary'!$B$63,"Underweight",IF(B43<'Cleaning Summary'!$B$64,"Normal Weight",IF(B43<'Cleaning Summary'!$B$65,"Overweight","Obesity"))) -> Obesity | O43: =IF(C43<'Cleaning Summary'!$B$66,"Normal",IF(C43<'Cleaning Summary'!$B$67,"Prediabetes","Diabetes")) -> Diabetes
A44: Id43 | B44: 38.06 | C44: 6.98 | D44: No | E44: No | F44: No | G44: No major surgery | H44: yes | I44: =IF(LOWER(TRIM(D44))="yes","Yes","No") -> No | J44: =IF(LOWER(TRIM(E44))="yes","Yes","No") -> No | K44: =IF(LOWER(TRIM(F44))="yes","Yes","No") -> No | L44: =IF(TRIM(H44)="?",'Cleaning Summary'!$B$35,IF(LOWER(TRIM(H44))="yes","Yes","No")) -> Yes | M44: =IF(ISNUMBER(G44),G44,IF(LOWER(TRIM(G44))="no major surgery",0,"CHECK")) -> 0 | N44: =IF(B44<'Cleaning Summary'!$B$63,"Underweight",IF(B44<'Cleaning Summary'!$B$64,"Normal Weight",IF(B44<'Cleaning Summary'!$B$65,"Overweight","Obesity"))) -> Obesity | O44: =IF(C44<'Cleaning Summary'!$B$66,"Normal",IF(C44<'Cleaning Summary'!$B$67,"Prediabetes","Diabetes")) -> Diabetes
A45: Id44 | B45: 34.21 | C45: 8.34 | D45: No | E45: No | F45: No | G45: No major surgery | H45: yes | I45: =IF(LOWER(TRIM(D45))="yes","Yes","No") -> No | J45: =IF(LOWER(TRIM(E45))="yes","Yes","No") -> No | K45: =IF(LOWER(TRIM(F45))="yes","Yes","No") -> No | L45: =IF(TRIM(H45)="?",'Cleaning Summary'!$B$35,IF(LOWER(TRIM(H45))="yes","Yes","No")) -> Yes | M45: =IF(ISNUMBER(G45),G45,IF(LOWER(TRIM(G45))="no major surgery",0,"CHECK")) -> 0 | N45: =IF(B45<'Cleaning Summary'!$B$63,"Underweight",IF(B45<'Cleaning Summary'!$B$64,"Normal Weight",IF(B45<'Cleaning Summary'!$B$65,"Overweight","Obesity"))) -> Obesity | O45: =IF(C45<'Cleaning Summary'!$B$66,"Normal",IF(C45<'Cleaning Summary'!$B$67,"Prediabetes","Diabetes")) -> Diabetes
A46: Id45 | B46: 38.94 | C46: 8.49 | D46: yes | E46: No | F46: No | G46: 1 | H46: yes | I46: =IF(LOWER(TRIM(D46))="yes","Yes","No") -> Yes | J46: =IF(LOWER(TRIM(E46))="yes","Yes","No") -> No | K46: =IF(LOWER(TRIM(F46))="yes","Yes","No") -> No | L46: =IF(TRIM(H46)="?",'Cleaning Summary'!$B$35,IF(LOWER(TRIM(H46))="yes","Yes","No")) -> Yes | M46: =IF(ISNUMBER(G46),G46,IF(LOWER(TRIM(G46))="no major surgery",0,"CHECK")) -> 1 | N46: =IF(B46<'Cleaning Summary'!$B$63,"Underweight",IF(B46<'Cleaning Summary'!$B$64,"Normal Weight",IF(B46<'Cleaning Summary'!$B$65,"Overweight","Obesity"))) -> Obesity | O46: =IF(C46<'Cleaning Summary'!$B$66,"Normal",IF(C46<'Cleaning Summary'!$B$67,"Prediabetes","Diabetes")) -> Diabetes
A47: Id46 | B47: 30.21 | C47: 5.34 | D47: yes | E47: No | F47: No | G47: 1 | H47: yes | I47: =IF(LOWER(TRIM(D47))="yes","Yes","No") -> Yes | J47: =IF(LOWER(TRIM(E47))="yes","Yes","No") -> No | K47: =IF(LOWER(TRIM(F47))="yes","Yes","No") -> No | L47: =IF(TRIM(H47)="?",'Cleaning Summary'!$B$35,IF(LOWER(TRIM(H47))="yes","Yes","No")) -> Yes | M47: =IF(ISNUMBER(G47),G47,IF(LOWER(TRIM(G47))="no major surgery",0,"CHECK")) -> 1 | N47: =IF(B47<'Cleaning Summary'!$B$63,"Underweight",IF(B47<'Cleaning Summary'!$B$64,"Normal Weight",IF(B47<'Cleaning Summary'!$B$65,"Overweight","Obesity"))) -> Obesity | O47: =IF(C47<'Cleaning Summary'!$B$66,"Normal",IF(C47<'Cleaning Summary'!$B$67,"Prediabetes","Diabetes")) -> Normal
A48: Id47 | B48: 33.63 | C48: 4.43 | D48: yes | E48: No | F48: No | G48: 2 | H48: yes | I48: =IF(LOWER(TRIM(D48))="yes","Yes","No") -> Yes | J48: =IF(LOWER(TRIM(E48))="yes","Yes","No") -> No | K48: =IF(LOWER(TRIM(F48))="yes","Yes","No") -> No | L48: =IF(TRIM(H48)="?",'Cleaning Summary'!$B$35,IF(LOWER(TRIM(H48))="yes","Yes","No")) -> Yes | M48: =IF(ISNUMBER(G48),G48,IF(LOWER(TRIM(G48))="no major surgery",0,"CHECK")) -> 2 | N48: =IF(B48<'Cleaning Summary'!$B$63,"Underweight",IF(B48<'Cleaning Summary'!$B$64,"Normal Weight",IF(B48<'Cleaning Summary'!$B$65,"Overweight","Obesity"))) -> Obesity | O48: =IF(C48<'Cleaning Summary'!$B$66,"Normal",IF(C48<'Cleaning Summary'!$B$67,"Prediabetes","Diabetes")) -> Normal
A49: Id48 | B49: 40.37 | C49: 4.47 | D49: No | E49: No | F49: No | G49: No major surgery | H49: yes | I49: =IF(LOWER(TRIM(D49))="yes","Yes","No") -> No | J49: =IF(LOWER(TRIM(E49))="yes","Yes","No") -> No | K49: =IF(LOWER(TRIM(F49))="yes","Yes","No") -> No | L49: =IF(TRIM(H49)="?",'Cleaning Summary'!$B$35,IF(LOWER(TRIM(H49))="yes","Yes","No")) -> Yes | M49: =IF(ISNUMBER(G49),G49,IF(LOWER(TRIM(G49))="no major surgery",0,"CHECK")) -> 0 | N49: =IF(B49<'Cleaning Summary'!$B$63,"Underweight",IF(B49<'Cleaning Summary'!$B$64,"Normal Weight",IF(B49<'Cleaning Summary'!$B$65,"Overweight","Obesity"))) -> Obesity | O49: =IF(C49<'Cleaning Summary'!$B$66,"Normal",IF(C49<'Cleaning Summary'!$B$67,"Prediabetes","Diabetes")) -> Normal
A50: Id49 | B50: 53.09 | C50: 4.82 | D50: yes | E50: No | F50: No | G50: 2 | H50: yes | I50: =IF(LOWER(TRIM(D50))="yes","Yes","No") -> Yes | J50: =IF(LOWER(TRIM(E50))="yes","Yes","No") -> No | K50: =IF(LOWER(TRIM(F50))="yes","Yes","No") -> No | L50: =IF(TRIM(H50)="?",'Cleaning Summary'!$B$35,IF(LOWER(TRIM(H50))="yes","Yes","No")) -> Yes | M50: =IF(ISNUMBER(G50),G50,IF(LOWER(TRIM(G50))="no major surgery",0,"CHECK")) -> 2 | N50: =IF(B50<'Cleaning Summary'!$B$63,"Underweight",IF(B50<'Cleaning Summary'!$B$64,"Normal Weight",IF(B50<'Cleaning Summary'!$B$65,"Overweight","Obesity"))) -> Obesity | O50: =IF(C50<'Cleaning Summary'!$B$66,"Normal",IF(C50<'Cleaning Summary'!$B$67,"Prediabetes","Diabetes")) -> Normal
A51: Id50 | B51: 31.79 | C51: 5.51 | D51: yes | E51: No | F51: No | G51: 2 | H51: yes | I51: =IF(LOWER(TRIM(D51))="yes","Yes","No") -> Yes | J51: =IF(LOWER(TRIM(E51))="yes","Yes","No") -> No | K51: =IF(LOWER(TRIM(F51))="yes","Yes","No") -> No | L51: =IF(TRIM(H51)="?",'Cleaning Summary'!$B$35,IF(LOWER(TRIM(H51))="yes","Yes","No")) -> Yes | M51: =IF(ISNUMBER(G51),G51,IF(LOWER(TRIM(G51))="no major surgery",0,"CHECK")) -> 2 | N51: =IF(B51<'Cleaning Summary'!$B$63,"Underweight",IF(B51<'Cleaning Summary'!$B$64,"Normal Weight",IF(B51<'Cleaning Summary'!$B$65,"Overweight","Obesity"))) -> Obesity | O51: =IF(C51<'Cleaning Summary'!$B$66,"Normal",IF(C51<'Cleaning Summary'!$B$67,"Prediabetes","Diabetes")) -> Normal
A52: Id51 | B52: 41.895 | C52: 10.87 | D52: yes | E52: No | F52: No | G52: 1 | H52: yes | I52: =IF(LOWER(TRIM(D52))="yes","Yes","No") -> Yes | J52: =IF(LOWER(TRIM(E52))="yes","Yes","No") -> No | K52: =IF(LOWER(TRIM(F52))="yes","Yes","No") -> No | L52: =IF(TRIM(H52)="?",'Cleaning Summary'!$B$35,IF(LOWER(TRIM(H52))="yes","Yes","No")) -> Yes | M52: =IF(ISNUMBER(G52),G52,IF(LOWER(TRIM(G52))="no major surgery",0,"CHECK")) -> 1 | N52: =IF(B52<'Cleaning Summary'!$B$63,"Underweight",IF(B52<'Cleaning Summary'!$B$64,"Normal Weight",IF(B52<'Cleaning Summary'!$B$65,"Overweight","Obesity"))) -> Obesity | O52: =IF(C52<'Cleaning Summary'!$B$66,"Normal",IF(C52<'Cleaning Summary'!$B$67,"Prediabetes","Diabetes")) -> Diabetes
A53: Id52 | B53: 31.16 | C53: 9.34 | D53: No | E53: No | F53: No | G53: No major surgery | H53: yes | I53: =IF(LOWER(TRIM(D53))="yes","Yes","No") -> No | J53: =IF(LOWER(TRIM(E53))="yes","Yes","No") -> No | K53: =IF(LOWER(TRIM(F53))="yes","Yes","No") -> No | L53: =IF(TRIM(H53)="?",'Cleaning Summary'!$B$35,IF(LOWER(TRIM(H53))="yes","Yes","No")) -> Yes | M53: =IF(ISNUMBER(G53),G53,IF(LOWER(TRIM(G53))="no major surgery",0,"CHECK")) -> 0 | N53: =IF(B53<'Cleaning Summary'!$B$63,"Underweight",IF(B53<'Cleaning Summary'!$B$64,"Normal Weight",IF(B53<'Cleaning Summary'!$B$65,"Overweight","Obesity"))) -> Obesity | O53: =IF(C53<'Cleaning Summary'!$B$66,"Normal",IF(C53<'Cleaning Summary'!$B$67,"Prediabetes","Diabetes")) -> Diabetes
A54: Id53 | B54: 34.105 | C54: 5.03 | D54: yes | E54: No | F54: Yes | G54: 1 | H54: yes | I54: =IF(LOWER(TRIM(D54))="yes","Yes","No") -> Yes | J54: =IF(LOWER(TRIM(E54))="yes","Yes","No") -> No | K54: =IF(LOWER(TRIM(F54))="yes","Yes","No") -> Yes | L54: =IF(TRIM(H54)="?",'Cleaning Summary'!$B$35,IF(LOWER(TRIM(H54))="yes","Yes","No")) -> Yes | M54: =IF(ISNUMBER(G54),G54,IF(LOWER(TRIM(G54))="no major surgery",0,"CHECK")) -> 1 | N54: =IF(B54<'Cleaning Summary'!$B$63,"Underweight",IF(B54<'Cleaning Summary'!$B$64,"Normal Weight",IF(B54<'Cleaning Summary'!$B$65,"Overweight","Obesity"))) -> Obesity | O54: =IF(C54<'Cleaning Summary'!$B$66,"Normal",IF(C54<'Cleaning Summary'!$B$67,"Prediabetes","Diabetes")) -> Normal
A55: Id54 | B55: 51.93 | C55: 11.05 | D55: No | E55: No | F55: No | G55: No major surgery | H55: yes | I55: =IF(LOWER(TRIM(D55))="yes","Yes","No") -> No | J55: =IF(LOWER(TRIM(E55))="yes","Yes","No") -> No | K55: =IF(LOWER(TRIM(F55))="yes","Yes","No") -> No | L55: =IF(TRIM(H55)="?",'Cleaning Summary'!$B$35,IF(LOWER(TRIM(H55))="yes","Yes","No")) -> Yes | M55: =IF(ISNUMBER(G55),G55,IF(LOWER(TRIM(G55))="no major surgery",0,"CHECK")) -> 0 | N55: =IF(B55<'Cleaning Summary'!$B$63,"Underweight",IF(B55<'Cleaning Summary'!$B$64,"Normal Weight",IF(B55<'Cleaning Summary'!$B$65,"Overweight","Obesity"))) -> Obesity | O55: =IF(C55<'Cleaning Summary'!$B$66,"Normal",IF(C55<'Cleaning Summary'!$B$67,"Prediabetes","Diabetes")) -> Diabetes
A56: Id55 | B56: 38.95 | C56: 11.95 | D56: No | E56: No | F56: No | G56: No major surgery | H56: yes | I56: =IF(LOWER(TRIM(D56))="yes","Yes","No") -> No | J56: =IF(LOWER(TRIM(E56))="yes","Yes","No") -> No | K56: =IF(LOWER(TRIM(F56))="yes","Yes","No") -> No | L56: =IF(TRIM(H56)="?",'Cleaning Summary'!$B$35,IF(LOWER(TRIM(H56))="yes","Yes","No")) -> Yes | M56: =IF(ISNUMBER(G56),G56,IF(LOWER(TRIM(G56))="no major surgery",0,"CHECK")) -> 0 | N56: =IF(B56<'Cleaning Summary'!$B$63,"Underweight",IF(B56<'Cleaning Summary'!$B$64,"Normal Weight",IF(B56<'Cleaning Summary'!$B$65,"Overweight","Obesity"))) -> Obesity | O56: =IF(C56<'Cleaning Summary'!$B$66,"Normal",IF(C56<'Cleaning Summary'!$B$67,"Prediabetes","Diabetes")) -> Diabetes
A57: Id56 | B57: 36.63 | C57: 7.72 | D57: yes | E57: No | F57: No | G57: 1 | H57: yes | I57: =IF(LOWER(TRIM(D57))="yes","Yes","No") -> Yes | J57: =IF(LOWER(TRIM(E57))="yes","Yes","No") -> No | K57: =IF(LOWER(TRIM(F57))="yes","Yes","No") -> No | L57: =IF(TRIM(H57)="?",'Cleaning Summary'!$B$35,IF(LOWER(TRIM(H57))="yes","Yes","No")) -> Yes | M57: =IF(ISNUMBER(G57),G57,IF(LOWER(TRIM(G57))="no major surgery",0,"CHECK")) -> 1 | N57: =IF(B57<'Cleaning Summary'!$B$63,"Underweight",IF(B57<'Cleaning Summary'!$B$64,"Normal Weight",IF(B57<'Cleaning Summary'!$B$65,"Overweight","Obesity"))) -> Obesity | O57: =IF(C57<'Cleaning Summary'!$B$66,"Normal",IF(C57<'Cleaning Summary'!$B$67,"Prediabetes","Diabetes")) -> Diabetes
A58: Id57 | B58: 34.2 | C58: 5.75 | D58: No | E58: No | F58: No | G58: 2 | H58: yes | I58: =IF(LOWER(TRIM(D58))="yes","Yes","No") -> No | J58: =IF(LOWER(TRIM(E58))="yes","Yes","No") -> No | K58: =IF(LOWER(TRIM(F58))="yes","Yes","No") -> No | L58: =IF(TRIM(H58)="?",'Cleaning Summary'!$B$35,IF(LOWER(TRIM(H58))="yes","Yes","No")) -> Yes | M58: =IF(ISNUMBER(G58),G58,IF(LOWER(TRIM(G58))="no major surgery",0,"CHECK")) -> 2 | N58: =IF(B58<'Cleaning Summary'!$B$63,"Underweight",IF(B58<'Cleaning Summary'!$B$64,"Normal Weight",IF(B58<'Cleaning Summary'!$B$65,"Overweight","Obesity"))) -> Obesity | O58: =IF(C58<'Cleaning Summary'!$B$66,"Normal",IF(C58<'Cleaning Summary'!$B$67,"Prediabetes","Diabetes")) -> Prediabetes
A59: Id58 | B59: 50.63 | C59: 11.89 | D59: No | E59: No | F59: No | G59: No major surgery | H59: yes | I59: =IF(LOWER(TRIM(D59))="yes","Yes","No") -> No | J59: =IF(LOWER(TRIM(E59))="yes","Yes","No") -> No | K59: =IF(LOWER(TRIM(F59))="yes","Yes","No") -> No | L59: =IF(TRIM(H59)="?",'Cleaning Summary'!$B$35,IF(LOWER(TRIM(H59))="yes","Yes","No")) -> Yes | M59: =IF(ISNUMBER(G59),G59,IF(LOWER(TRIM(G59))="no major surgery",0,"CHECK")) -> 0 | N59: =IF(B59<'Cleaning Summary'!$B$63,"Underweight",IF(B59<'Cleaning Summary'!$B$64,"Normal Weight",IF(B59<'Cleaning Summary'!$B$65,"Overweight","Obesity"))) -> Obesity | O59: =IF(C59<'Cleaning Summary'!$B$66,"Normal",IF(C59<'Cleaning Summary'!$B$67,"Prediabetes","Diabetes")) -> Diabetes
A60: Id59 | B60: 36.48 | C60: 6.2 | D60: No | E60: No | F60: No | G60: No major surgery | H60: yes | I60: =IF(LOWER(TRIM(D60))="yes","Yes","No") -> No | J60: =IF(LOWER(TRIM(E60))="yes","Yes","No") -> No | K60: =IF(LOWER(TRIM(F60))="yes","Yes","No") -> No | L60: =IF(TRIM(H60)="?",'Cleaning Summary'!$B$35,IF(LOWER(TRIM(H60))="yes","Yes","No")) -> Yes | M60: =IF(ISNUMBER(G60),G60,IF(LOWER(TRIM(G60))="no major surgery",0,"CHECK")) -> 0 | N60: =IF(B60<'Cleaning Summary'!$B$63,"Underweight",IF(B60<'Cleaning Summary'!$B$64,"Normal Weight",IF(B60<'Cleaning Summary'!$B$65,"Overweight","Obesity"))) -> Obesity | O60: =IF(C60<'Cleaning Summary'!$B$66,"Normal",IF(C60<'Cleaning Summary'!$B$67,"Prediabetes","Diabetes")) -> Prediabetes
A61: Id60 | B61: 54.82 | C61: 10.61 | D61: No | E61: No | F61: No | G61: No major surgery | H61: yes | I61: =IF(LOWER(TRIM(D61))="yes","Yes","No") -> No | J61: =IF(LOWER(TRIM(E61))="yes","Yes","No") -> No | K61: =IF(LOWER(TRIM(F61))="yes","Yes","No") -> No | L61: =IF(TRIM(H61)="?",'Cleaning Summary'!$B$35,IF(LOWER(TRIM(H61))="yes","Yes","No")) -> Yes | M61: =IF(ISNUMBER(G61),G61,IF(LOWER(TRIM(G61))="no major surgery",0,"CHECK")) -> 0 | N61: =IF(B61<'Cleaning Summary'!$B$63,"Underweight",IF(B61<'Cleaning Summary'!$B$64,"Normal Weight",IF(B61<'Cleaning Summary'!$B$65,"Overweight","Obesity"))) -> Obesity | O61: =IF(C61<'Cleaning Summary'!$B$66,"Normal",IF(C61<'Cleaning Summary'!$B$67,"Prediabetes","Diabetes")) -> Diabetes
A62: Id61 | B62: 38.06 | C62: 6.04 | D62: No | E62: No | F62: Yes | G62: 1 | H62: yes | I62: =IF(LOWER(TRIM(D62))="yes","Yes","No") -> No | J62: =IF(LOWER(TRIM(E62))="yes","Yes","No") -> No | K62: =IF(LOWER(TRIM(F62))="yes","Yes","No") -> Yes | L62: =IF(TRIM(H62)="?",'Cleaning Summary'!$B$35,IF(LOWER(TRIM(H62))="yes","Yes","No")) -> Yes | M62: =IF(ISNUMBER(G62),G62,IF(LOWER(TRIM(G62))="no major surgery",0,"CHECK")) -> 1 | N62: =IF(B62<'Cleaning Summary'!$B$63,"Underweight",IF(B62<'Cleaning Summary'!$B$64,"Normal Weight",IF(B62<'Cleaning Summary'!$B$65,"Overweight","Obesity"))) -> Obesity | O62: =IF(C62<'Cleaning Summary'!$B$66,"Normal",IF(C62<'Cleaning Summary'!$B$67,"Prediabetes","Diabetes")) -> Prediabetes
A63: Id62 | B63: 51.48 | C63: 9.33 | D63: yes | E63: No | F63: No | G63: No major surgery | H63: yes | I63: =IF(LOWER(TRIM(D63))="yes","Yes","No") -> Yes | J63: =IF(LOWER(TRIM(E63))="yes","Yes","No") -> No | K63: =IF(LOWER(TRIM(F63))="yes","Yes","No") -> No | L63: =IF(TRIM(H63)="?",'Cleaning Summary'!$B$35,IF(LOWER(TRIM(H63))="yes","Yes","No")) -> Yes | M63: =IF(ISNUMBER(G63),G63,IF(LOWER(TRIM(G63))="no major surgery",0,"CHECK")) -> 0 | N63: =IF(B63<'Cleaning Summary'!$B$63,"Underweight",IF(B63<'Cleaning Summary'!$B$64,"Normal Weight",IF(B63<'Cleaning Summary'!$B$65,"Overweight","Obesity"))) -> Obesity | O63: =IF(C63<'Cleaning Summary'!$B$66,"Normal",IF(C63<'Cleaning Summary'!$B$67,"Prediabetes","Diabetes")) -> Diabetes
A64: Id63 | B64: 52.06 | C64: 11.47 | D64: No | E64: No | F64: No | G64: No major surgery | H64: yes | I64: =IF(LOWER(TRIM(D64))="yes","Yes","No") -> No | J64: =IF(LOWER(TRIM(E64))="yes","Yes","No") -> No | K64: =IF(LOWER(TRIM(F64))="yes","Yes","No") -> No | L64: =IF(TRIM(H64)="?",'Cleaning Summary'!$B$35,IF(LOWER(TRIM(H64))="yes","Yes","No")) -> Yes | M64: =IF(ISNUMBER(G64),G64,IF(LOWER(TRIM(G64))="no major surgery",0,"CHECK")) -> 0 | N64: =IF(B64<'Cleaning Summary'!$B$63,"Underweight",IF(B64<'Cleaning Summary'!$B$64,"Normal Weight",IF(B64<'Cleaning Summary'!$B$65,"Overweight","Obesity"))) -> Obesity | O64: =IF(C64<'Cleaning Summary'!$B$66,"Normal",IF(C64<'Cleaning Summary'!$B$67,"Prediabetes","Diabetes")) -> Diabetes
A65: Id64 | B65: 30.685 | C65: 7.02 | D65: yes | E65: No | F65: No | G65: No major surgery | H65: yes | I65: =IF(LOWER(TRIM(D65))="yes","Yes","No") -> Yes | J65: =IF(LOWER(TRIM(E65))="yes","Yes","No") -> No | K65: =IF(LOWER(TRIM(F65))="yes","Yes","No") -> No | L65: =IF(TRIM(H65)="?",'Cleaning Summary'!$B$35,IF(LOWER(TRIM(H65))="yes","Yes","No")) -> Yes | M65: =IF(ISNUMBER(G65),G65,IF(LOWER(TRIM(G65))="no major surgery",0,"CHECK")) -> 0 | N65: =IF(B65<'Cleaning Summary'!$B$63,"Underweight",IF(B65<'Cleaning Summary'!$B$64,"Normal Weight",IF(B65<'Cleaning Summary'!$B$65,"Overweight","Obesity"))) -> Obesity | O65: =IF(C65<'Cleaning Summary'!$B$66,"Normal",IF(C65<'Cleaning Summary'!$B$67,"Prediabetes","Diabetes")) -> Diabetes
A66: Id65 | B66: 36.08 | C66: 8.8 | D66: yes | E66: No | F66: No | G66: 1 | H66: yes | I66: =IF(LOWER(TRIM(D66))="yes","Yes","No") -> Yes | J66: =IF(LOWER(TRIM(E66))="yes","Yes","No") -> No | K66: =IF(LOWER(TRIM(F66))="yes","Yes","No") -> No | L66: =IF(TRIM(H66)="?",'Cleaning Summary'!$B$35,IF(LOWER(TRIM(H66))="yes","Yes","No")) -> Yes | M66: =IF(ISNUMBER(G66),G66,IF(LOWER(TRIM(G66))="no major surgery",0,"CHECK")) -> 1 | N66: =IF(B66<'Cleaning Summary'!$B$63,"Underweight",IF(B66<'Cleaning Summary'!$B$64,"Normal Weight",IF(B66<'Cleaning Summary'!$B$65,"Overweight","Obesity"))) -> Obesity | O66: =IF(C66<'Cleaning Summary'!$B$66,"Normal",IF(C66<'Cleaning Summary'!$B$67,"Prediabetes","Diabetes")) -> Diabetes
A67: Id66 | B67: 54.99 | C67: 8.68 | D67: No | E67: No | F67: No | G67: 2 | H67: yes | I67: =IF(LOWER(TRIM(D67))="yes","Yes","No") -> No | J67: =IF(LOWER(TRIM(E67))="yes","Yes","No") -> No | K67: =IF(LOWER(TRIM(F67))="yes","Yes","No") -> No | L67: =IF(TRIM(H67)="?",'Cleaning Summary'!$B$35,IF(LOWER(TRIM(H67))="yes","Yes","No")) -> Yes | M67: =IF(ISNUMBER(G67),G67,IF(LOWER(TRIM(G67))="no major surgery",0,"CHECK")) -> 2 | N67: =IF(B67<'Cleaning Summary'!$B$63,"Underweight",IF(B67<'Cleaning Summary'!$B$64,"Normal Weight",IF(B67<'Cleaning Summary'!$B$65,"Overweight","Obesity"))) -> Obesity | O67: =IF(C67<'Cleaning Summary'!$B$66,"Normal",IF(C67<'Cleaning Summary'!$B$67,"Prediabetes","Diabetes")) -> Diabetes
A68: Id67 | B68: 35.97 | C68: 6.12 | D68: No | E68: No | F68: Yes | G68: 1 | H68: yes | I68: =IF(LOWER(TRIM(D68))="yes","Yes","No") -> No | J68: =IF(LOWER(TRIM(E68))="yes","Yes","No") -> No | K68: =IF(LOWER(TRIM(F68))="yes","Yes","No") -> Yes | L68: =IF(TRIM(H68)="?",'Cleaning Summary'!$B$35,IF(LOWER(TRIM(H68))="yes","Yes","No")) -> Yes | M68: =IF(ISNUMBER(G68),G68,IF(LOWER(TRIM(G68))="no major surgery",0,"CHECK")) -> 1 | N68: =IF(B68<'Cleaning Summary'!$B$63,"Underweight",IF(B68<'Cleaning Summary'!$B$64,"Normal Weight",IF(B68<'Cleaning Summary'!$B$65,"Overweight","Obesity"))) -> Obesity | O68: =IF(C68<'Cleaning Summary'!$B$66,"Normal",IF(C68<'Cleaning Summary'!$B$67,"Prediabetes","Diabetes")) -> Prediabetes
A69: Id68 | B69: 45.54 | C69: 5.4 | D69: yes | E69: No | F69: Yes | G69: 1 | H69: yes | I69: =IF(LOWER(TRIM(D69))="yes","Yes","No") -> Yes | J69: =IF(LOWER(TRIM(E69))="yes","Yes","No") -> No | K69: =IF(LOWER(TRIM(F69))="yes","Yes","No") -> Yes | L69: =IF(TRIM(H69)="?",'Cleaning Summary'!$B$35,IF(LOWER(TRIM(H69))="yes","Yes","No")) -> Yes | M69: =IF(ISNUMBER(G69),G69,IF(LOWER(TRIM(G69))="no major surgery",0,"CHECK")) -> 1 | N69: =IF(B69<'Cleaning Summary'!$B$63,"Underweight",IF(B69<'Cleaning Summary'!$B$64,"Normal Weight",IF(B69<'Cleaning Summary'!$B$65,"Overweight","Obesity"))) -> Obesity | O69: =IF(C69<'Cleaning Summary'!$B$66,"Normal",IF(C69<'Cleaning Summary'!$B$67,"Prediabetes","Diabetes")) -> Normal
A70: Id69 | B70: 35.53 | C70: 4.36 | D70: yes | E70: No | F70: No | G70: No major surgery | H70: yes | I70: =IF(LOWER(TRIM(D70))="yes","Yes","No") -> Yes | J70: =IF(LOWER(TRIM(E70))="yes","Yes","No") -> No | K70: =IF(LOWER(TRIM(F70))="yes","Yes","No") -> No | L70: =IF(TRIM(H70)="?",'Cleaning Summary'!$B$35,IF(LOWER(TRIM(H70))="yes","Yes","No")) -> Yes | M70: =IF(ISNUMBER(G70),G70,IF(LOWER(TRIM(G70))="no major surgery",0,"CHECK")) -> 0 | N70: =IF(B70<'Cleaning Summary'!$B$63,"Underweight",IF(B70<'Cleaning Summary'!$B$64,"Normal Weight",IF(B70<'Cleaning Summary'!$B$65,"Overweight","Obesity"))) -> Obesity | O70: =IF(C70<'Cleaning Summary'!$B$66,"Normal",IF(C70<'Cleaning Summary'!$B$67,"Prediabetes","Diabetes")) -> Normal
A71: Id70 | B71: 30.8 | C71: 9.77 | D71: No | E71: No | F71: No | G71: No major surgery | H71: yes | I71: =IF(LOWER(TRIM(D71))="yes","Yes","No") -> No | J71: =IF(LOWER(TRIM(E71))="yes","Yes","No") -> No | K71: =IF(LOWER(TRIM(F71))="yes","Yes","No") -> No | L71: =IF(TRIM(H71)="?",'Cleaning Summary'!$B$35,IF(LOWER(TRIM(H71))="yes","Yes","No")) -> Yes | M71: =IF(ISNUMBER(G71),G71,IF(LOWER(TRIM(G71))="no major surgery",0,"CHECK")) -> 0 | N71: =IF(B71<'Cleaning Summary'!$B$63,"Underweight",IF(B71<'Cleaning Summary'!$B$64,"Normal Weight",IF(B71<'Cleaning Summary'!$B$65,"Overweight","Obesity"))) -> Obesity | O71: =IF(C71<'Cleaning Summary'!$B$66,"Normal",IF(C71<'Cleaning Summary'!$B$67,"Prediabetes","Diabetes")) -> Diabetes
A72: Id71 | B72: 38.39 | C72: 4.25 | D72: No | E72: No | F72: No | G72: 1 | H72: yes | I72: =IF(LOWER(TRIM(D72))="yes","Yes","No") -> No | J72: =IF(LOWER(TRIM(E72))="yes","Yes","No") -> No | K72: =IF(LOWER(TRIM(F72))="yes","Yes","No") -> No | L72: =IF(TRIM(H72)="?",'Cleaning Summary'!$B$35,IF(LOWER(TRIM(H72))="yes","Yes","No")) -> Yes | M72: =IF(ISNUMBER(G72),G72,IF(LOWER(TRIM(G72))="no major surgery",0,"CHECK")) -> 1 | N72: =IF(B72<'Cleaning Summary'!$B$63,"Underweight",IF(B72<'Cleaning Summary'!$B$64,"Normal Weight",IF(B72<'Cleaning Summary'!$B$65,"Overweight","Obesity"))) -> Obesity | O72: =IF(C72<'Cleaning Summary'!$B$66,"Normal",IF(C72<'Cleaning Summary'!$B$67,"Prediabetes","Diabetes")) -> Normal
A73: Id72 | B73: 32.3 | C73: 4.76 | D73: No | E73: No | F73: No | G73: 2 | H73: yes | I73: =IF(LOWER(TRIM(D73))="yes","Yes","No") -> No | J73: =IF(LOWER(TRIM(E73))="yes","Yes","No") -> No | K73: =IF(LOWER(TRIM(F73))="yes","Yes","No") -> No | L73: =IF(TRIM(H73)="?",'Cleaning Summary'!$B$35,IF(LOWER(TRIM(H73))="yes","Yes","No")) -> Yes | M73: =IF(ISNUMBER(G73),G73,IF(LOWER(TRIM(G73))="no major surgery",0,"CHECK")) -> 2 | N73: =IF(B73<'Cleaning Summary'!$B$63,"Underweight",IF(B73<'Cleaning Summary'!$B$64,"Normal Weight",IF(B73<'Cleaning Summary'!$B$65,"Overweight","Obesity"))) -> Obesity | O73: =IF(C73<'Cleaning Summary'!$B$66,"Normal",IF(C73<'Cleaning Summary'!$B$67,"Prediabetes","Diabetes")) -> Normal
A74: Id73 | B74: 48.8 | C74: 6.22 | D74: yes | E74: No | F74: No | G74: 2 | H74: yes | I74: =IF(LOWER(TRIM(D74))="yes","Yes","No") -> Yes | J74: =IF(LOWER(TRIM(E74))="yes","Yes","No") -> No | K74: =IF(LOWER(TRIM(F74))="yes","Yes","No") -> No | L74: =IF(TRIM(H74)="?",'Cleaning Summary'!$B$35,IF(LOWER(TRIM(H74))="yes","Yes","No")) -> Yes | M74: =IF(ISNUMBER(G74),G74,IF(LOWER(TRIM(G74))="no major surgery",0,"CHECK")) -> 2 | N74: =IF(B74<'Cleaning Summary'!$B$63,"Underweight",IF(B74<'Cleaning Summary'!$B$64,"Normal Weight",IF(B74<'Cleaning Summary'!$B$65,"Overweight","Obesity"))) -> Obesity | O74: =IF(C74<'Cleaning Summary'!$B$66,"Normal",IF(C74<'Cleaning Summary'!$B$67,"Prediabetes","Diabetes")) -> Prediabetes
A75: Id74 | B75: 45.5 | C75: 7.96 | D75: No | E75: No | F75: No | G75: No major surgery | H75: yes | I75: =IF(LOWER(TRIM(D75))="yes","Yes","No") -> No | J75: =IF(LOWER(TRIM(E75))="yes","Yes","No") -> No | K75: =IF(LOWER(TRIM(F75))="yes","Yes","No") -> No | L75: =IF(TRIM(H75)="?",'Cleaning Summary'!$B$35,IF(LOWER(TRIM(H75))="yes","Yes","No")) -> Yes | M75: =IF(ISNUMBER(G75),G75,IF(LOWER(TRIM(G75))="no major surgery",0,"CHECK")) -> 0 | N75: =IF(B75<'Cleaning Summary'!$B$63,"Underweight",IF(B75<'Cleaning Summary'!$B$64,"Normal Weight",IF(B75<'Cleaning Summary'!$B$65,"Overweight","Obesity"))) -> Obesity | O75: =IF(C75<'Cleaning Summary'!$B$66,"Normal",IF(C75<'Cleaning Summary'!$B$67,"Prediabetes","Diabetes")) -> Diabetes
A76: Id75 | B76: 53.61 | C76: 10.92 | D76: yes | E76: No | F76: No | G76: 1 | H76: yes | I76: =IF(LOWER(TRIM(D76))="yes","Yes","No") -> Yes | J76: =IF(LOWER(TRIM(E76))="yes","Yes","No") -> No | K76: =IF(LOWER(TRIM(F76))="yes","Yes","No") -> No | L76: =IF(TRIM(H76)="?",'Cleaning Summary'!$B$35,IF(LOWER(TRIM(H76))="yes","Yes","No")) -> Yes | M76: =IF(ISNUMBER(G76),G76,IF(LOWER(TRIM(G76))="no major surgery",0,"CHECK")) -> 1 | N76: =IF(B76<'Cleaning Summary'!$B$63,"Underweight",IF(B76<'Cleaning Summary'!$B$64,"Normal Weight",IF(B76<'Cleaning Summary'!$B$65,"Overweight","Obesity"))) -> Obesity | O76: =IF(C76<'Cleaning Summary'!$B$66,"Normal",IF(C76<'Cleaning Summary'!$B$67,"Prediabetes","Diabetes")) -> Diabetes
A77: Id76 | B77: 36.19 | C77: 11.51 | D77: yes | E77: No | F77: No | G77: 1 | H77: yes | I77: =IF(LOWER(TRIM(D77))="yes","Yes","No") -> Yes | J77: =IF(LOWER(TRIM(E77))="yes","Yes","No") -> No | K77: =IF(LOWER(TRIM(F77))="yes","Yes","No") -> No | L77: =IF(TRIM(H77)="?",'Cleaning Summary'!$B$35,IF(LOWER(TRIM(H77))="yes","Yes","No")) -> Yes | M77: =IF(ISNUMBER(G77),G77,IF(LOWER(TRIM(G77))="no major surgery",0,"CHECK")) -> 1 | N77: =IF(B77<'Cleaning Summary'!$B$63,"Underweight",IF(B77<'Cleaning Summary'!$B$64,"Normal Weight",IF(B77<'Cleaning Summary'!$B$65,"Overweight","Obesity"))) -> Obesity | O77: =IF(C77<'Cleaning Summary'!$B$66,"Normal",IF(C77<'Cleaning Summary'!$B$67,"Prediabetes","Diabetes")) -> Diabetes
A78: Id77 | B78: 34.6 | C78: 5.99 | D78: yes | E78: No | F78: No | G78: No major surgery | H78: yes | I78: =IF(LOWER(TRIM(D78))="yes","Yes","No") -> Yes | J78: =IF(LOWER(TRIM(E78))="yes","Yes","No") -> No | K78: =IF(LOWER(TRIM(F78))="yes","Yes","No") -> No | L78: =IF(TRIM(H78)="?",'Cleaning Summary'!$B$35,IF(LOWER(TRIM(H78))="yes","Yes","No")) -> Yes | M78: =IF(ISNUMBER(G78),G78,IF(LOWER(TRIM(G78))="no major surgery",0,"CHECK")) -> 0 | N78: =IF(B78<'Cleaning Summary'!$B$63,"Underweight",IF(B78<'Cleaning Summary'!$B$64,"Normal Weight",IF(B78<'Cleaning Summary'!$B$65,"Overweight","Obesity"))) -> Obesity | O78: =IF(C78<'Cleaning Summary'!$B$66,"Normal",IF(C78<'Cleaning Summary'!$B$67,"Prediabetes","Diabetes")) -> Prediabetes
A79: Id78 | B79: 54.12 | C79: 11.57 | D79: No | E79: No | F79: No | G79: No major surgery | H79: yes | I79: =IF(LOWER(TRIM(D79))="yes","Yes","No") -> No | J79: =IF(LOWER(TRIM(E79))="yes","Yes","No") -> No | K79: =IF(LOWER(TRIM(F79))="yes","Yes","No") -> No | L79: =IF(TRIM(H79)="?",'Cleaning Summary'!$B$35,IF(LOWER(TRIM(H79))="yes","Yes","No")) -> Yes | M79: =IF(ISNUMBER(G79),G79,IF(LOWER(TRIM(G79))="no major surgery",0,"CHECK")) -> 0 | N79: =IF(B79<'Cleaning Summary'!$B$63,"Underweight",IF(B79<'Cleaning Summary'!$B$64,"Normal Weight",IF(B79<'Cleaning Summary'!$B$65,"Overweight","Obesity"))) -> Obesity | O79: =IF(C79<'Cleaning Summary'!$B$66,"Normal",IF(C79<'Cleaning Summary'!$B$67,"Prediabetes","Diabetes")) -> Diabetes
A80: Id79 | B80: 48.82 | C80: 6.67 | D80: yes | E80: No | F80: No | G80: No major surgery | H80: yes | I80: =IF(LOWER(TRIM(D80))="yes","Yes","No") -> Yes | J80: =IF(LOWER(TRIM(E80))="yes","Yes","No") -> No | K80: =IF(LOWER(TRIM(F80))="yes","Yes","No") -> No | L80: =IF(TRIM(H80)="?",'Cleaning Summary'!$B$35,IF(LOWER(TRIM(H80))="yes","Yes","No")) -> Yes | M80: =IF(ISNUMBER(G80),G80,IF(LOWER(TRIM(G80))="no major surgery",0,"CHECK")) -> 0 | N80: =IF(B80<'Cleaning Summary'!$B$63,"Underweight",IF(B80<'Cleaning Summary'!$B$64,"Normal Weight",IF(B80<'Cleaning Summary'!$B$65,"Overweight","Obesity"))) -> Obesity | O80: =IF(C80<'Cleaning Summary'!$B$66,"Normal",IF(C80<'Cleaning Summary'!$B$67,"Prediabetes","Diabetes")) -> Diabetes
A81: Id80 | B81: 51.01 | C81: 9.2 | D81: No | E81: No | F81: No | G81: No major surgery | H81: yes | I81: =IF(LOWER(TRIM(D81))="yes","Yes","No") -> No | J81: =IF(LOWER(TRIM(E81))="yes","Yes","No") -> No | K81: =IF(LOWER(TRIM(F81))="yes","Yes","No") -> No | L81: =IF(TRIM(H81)="?",'Cleaning Summary'!$B$35,IF(LOWER(TRIM(H81))="yes","Yes","No")) -> Yes | M81: =IF(ISNUMBER(G81),G81,IF(LOWER(TRIM(G81))="no major surgery",0,"CHECK")) -> 0 | N81: =IF(B81<'Cleaning Summary'!$B$63,"Underweight",IF(B81<'Cleaning Summary'!$B$64,"Normal Weight",IF(B81<'Cleaning Summary'!$B$65,"Overweight","Obesity"))) -> Obesity | O81: =IF(C81<'Cleaning Summary'!$B$66,"Normal",IF(C81<'Cleaning Summary'!$B$67,"Prediabetes","Diabetes")) -> Diabetes
A82: Id81 | B82: 45.65 | C82: 5.11 | D82: yes | E82: No | F82: No | G82: 1 | H82: yes | I82: =IF(LOWER(TRIM(D82))="yes","Yes","No") -> Yes | J82: =IF(LOWER(TRIM(E82))="yes","Yes","No") -> No | K82: =IF(LOWER(TRIM(F82))="yes","Yes","No") -> No | L82: =IF(TRIM(H82)="?",'Cleaning Summary'!$B$35,IF(LOWER(TRIM(H82))="yes","Yes","No")) -> Yes | M82: =IF(ISNUMBER(G82),G82,IF(LOWER(TRIM(G82))="no major surgery",0,"CHECK")) -> 1 | N82: =IF(B82<'Cleaning Summary'!$B$63,"Underweight",IF(B82<'Cleaning Summary'!$B$64,"Normal Weight",IF(B82<'Cleaning Summary'!$B$65,"Overweight","Obesity"))) -> Obesity | O82: =IF(C82<'Cleaning Summary'!$B$66,"Normal",IF(C82<'Cleaning Summary'!$B$67,"Prediabetes","Diabetes")) -> Normal
A83: Id82 | B83: 52.9 | C83: 5.34 | D83: No | E83: No | F83: No | G83: No major surgery | H83: yes | I83: =IF(LOWER(TRIM(D83))="yes","Yes","No") -> No | J83: =IF(LOWER(TRIM(E83))="yes","Yes","No") -> No | K83: =IF(LOWER(TRIM(F83))="yes","Yes","No") -> No | L83: =IF(TRIM(H83)="?",'Cleaning Summary'!$B$35,IF(LOWER(TRIM(H83))="yes","Yes","No")) -> Yes | M83: =IF(ISNUMBER(G83),G83,IF(LOWER(TRIM(G83))="no major surgery",0,"CHECK")) -> 0 | N83: =IF(B83<'Cleaning Summary'!$B$63,"Underweight",IF(B83<'Cleaning Summary'!$B$64,"Normal Weight",IF(B83<'Cleaning Summary'!$B$65,"Overweight","Obesity"))) -> Obesity | O83: =IF(C83<'Cleaning Summary'!$B$66,"Normal",IF(C83<'Cleaning Summary'!$B$67,"Prediabetes","Diabetes")) -> Normal
A84: Id83 | B84: 45.41 | C84: 4.03 | D84: yes | E84: No | F84: No | G84: 1 | H84: yes | I84: =IF(LOWER(TRIM(D84))="yes","Yes","No") -> Yes | J84: =IF(LOWER(TRIM(E84))="yes","Yes","No") -> No | K84: =IF(LOWER(TRIM(F84))="yes","Yes","No") -> No | L84: =IF(TRIM(H84)="?",'Cleaning Summary'!$B$35,IF(LOWER(TRIM(H84))="yes","Yes","No")) -> Yes | M84: =IF(ISNUMBER(G84),G84,IF(LOWER(TRIM(G84))="no major surgery",0,"CHECK")) -> 1 | N84: =IF(B84<'Cleaning Summary'!$B$63,"Underweight",IF(B84<'Cleaning Summary'!$B$64,"Normal Weight",IF(B84<'Cleaning Summary'!$B$65,"Overweight","Obesity"))) -> Obesity | O84: =IF(C84<'Cleaning Summary'!$B$66,"Normal",IF(C84<'Cleaning Summary'!$B$67,"Prediabetes","Diabetes")) -> Normal
A85: Id84 | B85: 49.41 | C85: 4.23 | D85: yes | E85: No | F85: Yes | G85: 1 | H85: yes | I85: =IF(LOWER(TRIM(D85))="yes","Yes","No") -> Yes | J85: =IF(LOWER(TRIM(E85))="yes","Yes","No") -> No | K85: =IF(LOWER(TRIM(F85))="yes","Yes","No") -> Yes | L85: =IF(TRIM(H85)="?",'Cleaning Summary'!$B$35,IF(LOWER(TRIM(H85))="yes","Yes","No")) -> Yes | M85: =IF(ISNUMBER(G85),G85,IF(LOWER(TRIM(G85))="no major surgery",0,"CHECK")) -> 1 | N85: =IF(B85<'Cleaning Summary'!$B$63,"Underweight",IF(B85<'Cleaning Summary'!$B$64,"Normal Weight",IF(B85<'Cleaning Summary'!$B$65,"Overweight","Obesity"))) -> Obesity | O85: =IF(C85<'Cleaning Summary'!$B$66,"Normal",IF(C85<'Cleaning Summary'!$B$67,"Prediabetes","Diabetes")) -> Normal
A86: Id85 | B86: 31.825 | C86: 4.06 | D86: No | E86: No | F86: No | G86: 2 | H86: yes | I86: =IF(LOWER(TRIM(D86))="yes","Yes","No") -> No | J86: =IF(LOWER(TRIM(E86))="yes","Yes","No") -> No | K86: =IF(LOWER(TRIM(F86))="yes","Yes","No") -> No | L86: =IF(TRIM(H86)="?",'Cleaning Summary'!$B$35,IF(LOWER(TRIM(H86))="yes","Yes","No")) -> Yes | M86: =IF(ISNUMBER(G86),G86,IF(LOWER(TRIM(G86))="no major surgery",0,"CHECK")) -> 2 | N86: =IF(B86<'Cleaning Summary'!$B$63,"Underweight",IF(B86<'Cleaning Summary'!$B$64,"Normal Weight",IF(B86<'Cleaning Summary'!$B$65,"Overweight","Obesity"))) -> Obesity | O86: =IF(C86<'Cleaning Summary'!$B$66,"Normal",IF(C86<'Cleaning Summary'!$B$67,"Prediabetes","Diabetes")) -> Normal
A87: Id86 | B87: 51.28 | C87: 4.68 | D87: No | E87: No | F87: No | G87: 2 | H87: yes | I87: =IF(LOWER(TRIM(D87))="yes","Yes","No") -> No | J87: =IF(LOWER(TRIM(E87))="yes","Yes","No") -> No | K87: =IF(LOWER(TRIM(F87))="yes","Yes","No") -> No | L87: =IF(TRIM(H87)="?",'Cleaning Summary'!$B$35,IF(LOWER(TRIM(H87))="yes","Yes","No")) -> Yes | M87: =IF(ISNUMBER(G87),G87,IF(LOWER(TRIM(G87))="no major surgery",0,"CHECK")) -> 2 | N87: =IF(B87<'Cleaning Summary'!$B$63,"Underweight",IF(B87<'Cleaning Summary'!$B$64,"Normal Weight",IF(B87<'Cleaning Summary'!$B$65,"Overweight","Obesity"))) -> Obesity | O87: =IF(C87<'Cleaning Summary'!$B$66,"Normal",IF(C87<'Cleaning Summary'!$B$67,"Prediabetes","Diabetes")) -> Normal
A88: Id87 | B88: 34.96 | C88: 4.34 | D88: No | E88: No | F88: Yes | G88: 1 | H88: yes | I88: =IF(LOWER(TRIM(D88))="yes","Yes","No") -> No | J88: =IF(LOWER(TRIM(E88))="yes","Yes","No") -> No | K88: =IF(LOWER(TRIM(F88))="yes","Yes","No") -> Yes | L88: =IF(TRIM(H88)="?",'Cleaning Summary'!$B$35,IF(LOWER(TRIM(H88))="yes","Yes","No")) -> Yes | M88: =IF(ISNUMBER(G88),G88,IF(LOWER(TRIM(G88))="no major surgery",0,"CHECK")) -> 1 | N88: =IF(B88<'Cleaning Summary'!$B$63,"Underweight",IF(B88<'Cleaning Summary'!$B$64,"Normal Weight",IF(B88<'Cleaning Summary'!$B$65,"Overweight","Obesity"))) -> Obesity | O88: =IF(C88<'Cleaning Summary'!$B$66,"Normal",IF(C88<'Cleaning Summary'!$B$67,"Prediabetes","Diabetes")) -> Normal
A89: Id88 | B89: 33.11 | C89: 10.51 | D89: No | E89: No | F89: No | G89: No major surgery | H89: yes | I89: =IF(LOWER(TRIM(D89))="yes","Yes","No") -> No | J89: =IF(LOWER(TRIM(E89))="yes","Yes","No") -> No | K89: =IF(LOWER(TRIM(F89))="yes","Yes","No") -> No | L89: =IF(TRIM(H89)="?",'Cleaning Summary'!$B$35,IF(LOWER(TRIM(H89))="yes","Yes","No")) -> Yes | M89: =IF(ISNUMBER(G89),G89,IF(LOWER(TRIM(G89))="no major surgery",0,"CHECK")) -> 0 | N89: =IF(B89<'Cleaning Summary'!$B$63,"Underweight",IF(B89<'Cleaning Summary'!$B$64,"Normal Weight",IF(B89<'Cleaning Summary'!$B$65,"Overweight","Obesity"))) -> Obesity | O89: =IF(C89<'Cleaning Summary'!$B$66,"Normal",IF(C89<'Cleaning Summary'!$B$67,"Prediabetes","Diabetes")) -> Diabetes
A90: Id89 | B90: 54.74 | C90: 5.84 | D90: yes | E90: No | F90: Yes | G90: 1 | H90: yes | I90: =IF(LOWER(TRIM(D90))="yes","Yes","No") -> Yes | J90: =IF(LOWER(TRIM(E90))="yes","Yes","No") -> No | K90: =IF(LOWER(TRIM(F90))="yes","Yes","No") -> Yes | L90: =IF(TRIM(H90)="?",'Cleaning Summary'!$B$35,IF(LOWER(TRIM(H90))="yes","Yes","No")) -> Yes | M90: =IF(ISNUMBER(G90),G90,IF(LOWER(TRIM(G90))="no major surgery",0,"CHECK")) -> 1 | N90: =IF(B90<'Cleaning Summary'!$B$63,"Underweight",IF(B90<'Cleaning Summary'!$B$64,"Normal Weight",IF(B90<'Cleaning Summary'!$B$65,"Overweight","Obesity"))) -> Obesity | O90: =IF(C90<'Cleaning Summary'!$B$66,"Normal",IF(C90<'Cleaning Summary'!$B$67,"Prediabetes","Diabetes")) -> Prediabetes
A91: Id90 | B91: 32.56 | C91: 5.41 | D91: No | E91: No | F91: Yes | G91: 1 | H91: yes | I91: =IF(LOWER(TRIM(D91))="yes","Yes","No") -> No | J91: =IF(LOWER(TRIM(E91))="yes","Yes","No") -> No | K91: =IF(LOWER(TRIM(F91))="yes","Yes","No") -> Yes | L91: =IF(TRIM(H91)="?",'Cleaning Summary'!$B$35,IF(LOWER(TRIM(H91))="yes","Yes","No")) -> Yes | M91: =IF(ISNUMBER(G91),G91,IF(LOWER(TRIM(G91))="no major surgery",0,"CHECK")) -> 1 | N91: =IF(B91<'Cleaning Summary'!$B$63,"Underweight",IF(B91<'Cleaning Summary'!$B$64,"Normal Weight",IF(B91<'Cleaning Summary'!$B$65,"Overweight","Obesity"))) -> Obesity | O91: =IF(C91<'Cleaning Summary'!$B$66,"Normal",IF(C91<'Cleaning Summary'!$B$67,"Prediabetes","Diabetes")) -> Normal
A92: Id91 | B92: 39.05 | C92: 6.06 | D92: No | E92: No | F92: No | G92: 1 | H92: yes | I92: =IF(LOWER(TRIM(D92))="yes","Yes","No") -> No | J92: =IF(LOWER(TRIM(E92))="yes","Yes","No") -> No | K92: =IF(LOWER(TRIM(F92))="yes","Yes","No") -> No | L92: =IF(TRIM(H92)="?",'Cleaning Summary'!$B$35,IF(LOWER(TRIM(H92))="yes","Yes","No")) -> Yes | M92: =IF(ISNUMBER(G92),G92,IF(LOWER(TRIM(G92))="no major surgery",0,"CHECK")) -> 1 | N92: =IF(B92<'Cleaning Summary'!$B$63,"Underweight",IF(B92<'Cleaning Summary'!$B$64,"Normal Weight",IF(B92<'Cleaning Summary'!$B$65,"Overweight","Obesity"))) -> Obesity | O92: =IF(C92<'Cleaning Summary'!$B$66,"Normal",IF(C92<'Cleaning Summary'!$B$67,"Prediabetes","Diabetes")) -> Prediabetes
A93: Id92 | B93: 42.75 | C93: 4.22 | D93: No | E93: No | F93: No | G93: No major surgery | H93: yes | I93: =IF(LOWER(TRIM(D93))="yes","Yes","No") -> No | J93: =IF(LOWER(TRIM(E93))="yes","Yes","No") -> No | K93: =IF(LOWER(TRIM(F93))="yes","Yes","No") -> No | L93: =IF(TRIM(H93)="?",'Cleaning Summary'!$B$35,IF(LOWER(TRIM(H93))="yes","Yes","No")) -> Yes | M93: =IF(ISNUMBER(G93),G93,IF(LOWER(TRIM(G93))="no major surgery",0,"CHECK")) -> 0 | N93: =IF(B93<'Cleaning Summary'!$B$63,"Underweight",IF(B93<'Cleaning Summary'!$B$64,"Normal Weight",IF(B93<'Cleaning Summary'!$B$65,"Overweight","Obesity"))) -> Obesity | O93: =IF(C93<'Cleaning Summary'!$B$66,"Normal",IF(C93<'Cleaning Summary'!$B$67,"Prediabetes","Diabetes")) -> Normal
A94: Id93 | B94: 50.58 | C94: 5.12 | D94: No | E94: No | F94: No | G94: 2 | H94: yes | I94: =IF(LOWER(TRIM(D94))="yes","Yes","No") -> No | J94: =IF(LOWER(TRIM(E94))="yes","Yes","No") -> No | K94: =IF(LOWER(TRIM(F94))="yes","Yes","No") -> No | L94: =IF(TRIM(H94)="?",'Cleaning Summary'!$B$35,IF(LOWER(TRIM(H94))="yes","Yes","No")) -> Yes | M94: =IF(ISNUMBER(G94),G94,IF(LOWER(TRIM(G94))="no major surgery",0,"CHECK")) -> 2 | N94: =IF(B94<'Cleaning Summary'!$B$63,"Underweight",IF(B94<'Cleaning Summary'!$B$64,"Normal Weight",IF(B94<'Cleaning Summary'!$B$65,"Overweight","Obesity"))) -> Obesity | O94: =IF(C94<'Cleaning Summary'!$B$66,"Normal",IF(C94<'Cleaning Summary'!$B$67,"Prediabetes","Diabetes")) -> Normal
A95: Id94 | B95: 30.495 | C95: 4.57 | D95: yes | E95: No | F95: No | G95: No major surgery | H95: yes | I95: =IF(LOWER(TRIM(D95))="yes","Yes","No") -> Yes | J95: =IF(LOWER(TRIM(E95))="yes","Yes","No") -> No | K95: =IF(LOWER(TRIM(F95))="yes","Yes","No") -> No | L95: =IF(TRIM(H95)="?",'Cleaning Summary'!$B$35,IF(LOWER(TRIM(H95))="yes","Yes","No")) -> Yes | M95: =IF(ISNUMBER(G95),G95,IF(LOWER(TRIM(G95))="no major surgery",0,"CHECK")) -> 0 | N95: =IF(B95<'Cleaning Summary'!$B$63,"Underweight",IF(B95<'Cleaning Summary'!$B$64,"Normal Weight",IF(B95<'Cleaning Summary'!$B$65,"Overweight","Obesity"))) -> Obesity | O95: =IF(C95<'Cleaning Summary'!$B$66,"Normal",IF(C95<'Cleaning Summary'!$B$67,"Prediabetes","Diabetes")) -> Normal
A96: Id95 | B96: 48.31 | C96: 9.58 | D96: yes | E96: No | F96: No | G96: 2 | H96: yes | I96: =IF(LOWER(TRIM(D96))="yes","Yes","No") -> Yes | J96: =IF(LOWER(TRIM(E96))="yes","Yes","No") -> No | K96: =IF(LOWER(TRIM(F96))="yes","Yes","No") -> No | L96: =IF(TRIM(H96)="?",'Cleaning Summary'!$B$35,IF(LOWER(TRIM(H96))="yes","Yes","No")) -> Yes | M96: =IF(ISNUMBER(G96),G96,IF(LOWER(TRIM(G96))="no major surgery",0,"CHECK")) -> 2 | N96: =IF(B96<'Cleaning Summary'!$B$63,"Underweight",IF(B96<'Cleaning Summary'!$B$64,"Normal Weight",IF(B96<'Cleaning Summary'!$B$65,"Overweight","Obesity"))) -> Obesity | O96: =IF(C96<'Cleaning Summary'!$B$66,"Normal",IF(C96<'Cleaning Summary'!$B$67,"Prediabetes","Diabetes")) -> Diabetes
A97: Id96 | B97: 48.99 | C97: 9.78 | D97: yes | E97: No | F97: No | G97: 1 | H97: yes | I97: =IF(LOWER(TRIM(D97))="yes","Yes","No") -> Yes | J97: =IF(LOWER(TRIM(E97))="yes","Yes","No") -> No | K97: =IF(LOWER(TRIM(F97))="yes","Yes","No") -> No | L97: =IF(TRIM(H97)="?",'Cleaning Summary'!$B$35,IF(LOWER(TRIM(H97))="yes","Yes","No")) -> Yes | M97: =IF(ISNUMBER(G97),G97,IF(LOWER(TRIM(G97))="no major surgery",0,"CHECK")) -> 1 | N97: =IF(B97<'Cleaning Summary'!$B$63,"Underweight",IF(B97<'Cleaning Summary'!$B$64,"Normal Weight",IF(B97<'Cleaning Summary'!$B$65,"Overweight","Obesity"))) -> Obesity | O97: =IF(C97<'Cleaning Summary'!$B$66,"Normal",IF(C97<'Cleaning Summary'!$B$67,"Prediabetes","Diabetes")) -> Diabetes
A98: Id97 | B98: 38.39 | C98: 4.11 | D98: yes | E98: No | F98: No | G98: No major surgery | H98: yes | I98: =IF(LOWER(TRIM(D98))="yes","Yes","No") -> Yes | J98: =IF(LOWER(TRIM(E98))="yes","Yes","No") -> No | K98: =IF(LOWER(TRIM(F98))="yes","Yes","No") -> No | L98: =IF(TRIM(H98)="?",'Cleaning Summary'!$B$35,IF(LOWER(TRIM(H98))="yes","Yes","No")) -> Yes | M98: =IF(ISNUMBER(G98),G98,IF(LOWER(TRIM(G98))="no major surgery",0,"CHECK")) -> 0 | N98: =IF(B98<'Cleaning Summary'!$B$63,"Underweight",IF(B98<'Cleaning Summary'!$B$64,"Normal Weight",IF(B98<'Cleaning Summary'!$B$65,"Overweight","Obesity"))) -> Obesity | O98: =IF(C98<'Cleaning Summary'!$B$66,"Normal",IF(C98<'Cleaning Summary'!$B$67,"Prediabetes","Diabetes")) -> Normal
A99: Id98 | B99: 44.34 | C99: 4.02 | D99: yes | E99: No | F99: No | G99: 2 | H99: yes | I99: =IF(LOWER(TRIM(D99))="yes","Yes","No") -> Yes | J99: =IF(LOWER(TRIM(E99))="yes","Yes","No") -> No | K99: =IF(LOWER(TRIM(F99))="yes","Yes","No") -> No | L99: =IF(TRIM(H99)="?",'Cleaning Summary'!$B$35,IF(LOWER(TRIM(H99))="yes","Yes","No")) -> Yes | M99: =IF(ISNUMBER(G99),G99,IF(LOWER(TRIM(G99))="no major surgery",0,"CHECK")) -> 2 | N99: =IF(B99<'Cleaning Summary'!$B$63,"Underweight",IF(B99<'Cleaning Summary'!$B$64,"Normal Weight",IF(B99<'Cleaning Summary'!$B$65,"Overweight","Obesity"))) -> Obesity | O99: =IF(C99<'Cleaning Summary'!$B$66,"Normal",IF(C99<'Cleaning Summary'!$B$67,"Prediabetes","Diabetes")) -> Normal
A100: Id99 | B100: 41.51 | C100: 6.92 | D100: No | E100: No | F100: No | G100: No major surgery | H100: yes | I100: =IF(LOWER(TRIM(D100))="yes","Yes","No") -> No | J100: =IF(LOWER(TRIM(E100))="yes","Yes","No") -> No | K100: =IF(LOWER(TRIM(F100))="yes","Yes","No") -> No | L100: =IF(TRIM(H100)="?",'Cleaning Summary'!$B$35,IF(LOWER(TRIM(H100))="yes","Yes","No")) -> Yes | M100: =IF(ISNUMBER(G100),G100,IF(LOWER(TRIM(G100))="no major surgery",0,"CHECK")) -> 0 | N100: =IF(B100<'Cleaning Summary'!$B$63,"Underweight",IF(B100<'Cleaning Summary'!$B$64,"Normal Weight",IF(B100<'Cleaning Summary'!$B$65,"Overweight","Obesity"))) -> Obesity | O100: =IF(C100<'Cleaning Summary'!$B$66,"Normal",IF(C100<'Cleaning Summary'!$B$67,"Prediabetes","Diabetes")) -> Diabetes
...

Sheet Hospitalisation Details
A1: Customer ID | B1: year | C1: month | D1: date | E1: children | F1: charges | G1: Hospital tier | H1: City tier | I1: State ID | J1: year (clean) | K1: month (clean) | L1: Hospital tier (clean) | M1: City tier (clean) | N1: State ID (clean) | O1: Date of Birth | P1: Age
A2: Id2335 | B2: 1992 | C2: Jul | D2: 9 | E2: 0 | F2: 563.84 | G2: tier - 2 | H2: tier - 3 | I2: R1013 | J2: =IF(TRIM(B2)="?",'Cleaning Summary'!$B$28,B2) -> 1992 | K2: =IF(TRIM(C2)="?",'Cleaning Summary'!$B$27,C2) -> Jul | L2: =IF(TRIM(G2)="?",'Cleaning Summary'!$B$40,G2) -> tier - 2 | M2: =IF(TRIM(H2)="?",'Cleaning Summary'!$B$45,H2) -> tier - 3 | N2: =IF(TRIM(I2)="?",'Cleaning Summary'!$B$29,I2) -> R1013 | O2: =DATE(J2,MATCH(K2,{"Jan","Feb","Mar","Apr","May","Jun","Jul","Aug","Sep","Oct","Nov","Dec"},0),D2) -> 33794 | P2: =DATEDIF(O2,'Cleaning Summary'!$B$62,"Y") -> 30
A3: Id2334 | B3: 1992 | C3: Nov | D3: 30 | E3: 0 | F3: 570.62 | G3: tier - 2 | H3: tier - 1 | I3: R1013 | J3: =IF(TRIM(B3)="?",'Cleaning Summary'!$B$28,B3) -> 1992 | K3: =IF(TRIM(C3)="?",'Cleaning Summary'!$B$27,C3) -> Nov | L3: =IF(TRIM(G3)="?",'Cleaning Summary'!$B$40,G3) -> tier - 2 | M3: =IF(TRIM(H3)="?",'Cleaning Summary'!$B$45,H3) -> tier - 1 | N3: =IF(TRIM(I3)="?",'Cleaning Summary'!$B$29,I3) -> R1013 | O3: =DATE(J3,MATCH(K3,{"Jan","Feb","Mar","Apr","May","Jun","Jul","Aug","Sep","Oct","Nov","Dec"},0),D3) -> 33938 | P3: =DATEDIF(O3,'Cleaning Summary'!$B$62,"Y") -> 30
A4: Id2333 | B4: 1993 | C4: Jun | D4: 30 | E4: 0 | F4: 600 | G4: tier - 2 | H4: tier - 1 | I4: R1013 | J4: =IF(TRIM(B4)="?",'Cleaning Summary'!$B$28,B4) -> 1993 | K4: =IF(TRIM(C4)="?",'Cleaning Summary'!$B$27,C4) -> Jun | L4: =IF(TRIM(G4)="?",'Cleaning Summary'!$B$40,G4) -> tier - 2 | M4: =IF(TRIM(H4)="?",'Cleaning Summary'!$B$45,H4) -> tier - 1 | N4: =IF(TRIM(I4)="?",'Cleaning Summary'!$B$29,I4) -> R1013 | O4: =DATE(J4,MATCH(K4,{"Jan","Feb","Mar","Apr","May","Jun","Jul","Aug","Sep","Oct","Nov","Dec"},0),D4) -> 34150 | P4: =DATEDIF(O4,'Cleaning Summary'!$B$62,"Y") -> 29
A5: Id2332 | B5: 1992 | C5: Sep | D5: 13 | E5: 0 | F5: 604.54 | G5: tier - 3 | H5: tier - 3 | I5: R1013 | J5: =IF(TRIM(B5)="?",'Cleaning Summary'!$B$28,B5) -> 1992 | K5: =IF(TRIM(C5)="?",'Cleaning Summary'!$B$27,C5) -> Sep | L5: =IF(TRIM(G5)="?",'Cleaning Summary'!$B$40,G5) -> tier - 3 | M5: =IF(TRIM(H5)="?",'Cleaning Summary'!$B$45,H5) -> tier - 3 | N5: =IF(TRIM(I5)="?",'Cleaning Summary'!$B$29,I5) -> R1013 | O5: =DATE(J5,MATCH(K5,{"Jan","Feb","Mar","Apr","May","Jun","Jul","Aug","Sep","Oct","Nov","Dec"},0),D5) -> 33860 | P5: =DATEDIF(O5,'Cleaning Summary'!$B$62,"Y") -> 30
A6: Id2331 | B6: 1998 | C6: Jul | D6: 27 | E6: 0 | F6: 637.26 | G6: tier - 3 | H6: tier - 3 | I6: R1013 | J6: =IF(TRIM(B6)="?",'Cleaning Summary'!$B$28,B6) -> 1998 | K6: =IF(TRIM(C6)="?",'Cleaning Summary'!$B$27,C6) -> Jul | L6: =IF(TRIM(G6)="?",'Cleaning Summary'!$B$40,G6) -> tier - 3 | M6: =IF(TRIM(H6)="?",'Cleaning Summary'!$B$45,H6) -> tier - 3 | N6: =IF(TRIM(I6)="?",'Cleaning Summary'!$B$29,I6) -> R1013 | O6: =DATE(J6,MATCH(K6,{"Jan","Feb","Mar","Apr","May","Jun","Jul","Aug","Sep","Oct","Nov","Dec"},0),D6) -> 36003 | P6: =DATEDIF(O6,'Cleaning Summary'!$B$62,"Y") -> 24
A7: Id2330 | B7: 2001 | C7: Nov | D7: 20 | E7: 0 | F7: 646.14 | G7: tier - 3 | H7: tier - 3 | I7: R1012 | J7: =IF(TRIM(B7)="?",'Cleaning Summary'!$B$28,B7) -> 2001 | K7: =IF(TRIM(C7)="?",'Cleaning Summary'!$B$27,C7) -> Nov | L7: =IF(TRIM(G7)="?",'Cleaning Summary'!$B$40,G7) -> tier - 3 | M7: =IF(TRIM(H7)="?",'Cleaning Summary'!$B$45,H7) -> tier - 3 | N7: =IF(TRIM(I7)="?",'Cleaning Summary'!$B$29,I7) -> R1012 | O7: =DATE(J7,MATCH(K7,{"Jan","Feb","Mar","Apr","May","Jun","Jul","Aug","Sep","Oct","Nov","Dec"},0),D7) -> 37215 | P7: =DATEDIF(O7,'Cleaning Summary'!$B$62,"Y") -> 21
A8: Id2329 | B8: 1993 | C8: Jun | D8: 1 | E8: 0 | F8: 650 | G8: tier - 3 | H8: tier - 3 | I8: R1013 | J8: =IF(TRIM(B8)="?",'Cleaning Summary'!$B$28,B8) -> 1993 | K8: =IF(TRIM(C8)="?",'Cleaning Summary'!$B$27,C8) -> Jun | L8: =IF(TRIM(G8)="?",'Cleaning Summary'!$B$40,G8) -> tier - 3 | M8: =IF(TRIM(H8)="?",'Cleaning Summary'!$B$45,H8) -> tier - 3 | N8: =IF(TRIM(I8)="?",'Cleaning Summary'!$B$29,I8) -> R1013 | O8: =DATE(J8,MATCH(K8,{"Jan","Feb","Mar","Apr","May","Jun","Jul","Aug","Sep","Oct","Nov","Dec"},0),D8) -> 34121 | P8: =DATEDIF(O8,'Cleaning Summary'!$B$62,"Y") -> 30
A9: Id2328 | B9: 1995 | C9: Jul | D9: 4 | E9: 0 | F9: 650 | G9: tier - 3 | H9: tier - 3 | I9: R1013 | J9: =IF(TRIM(B9)="?",'Cleaning Summary'!$B$28,B9) -> 1995 | K9: =IF(TRIM(C9)="?",'Cleaning Summary'!$B$27,C9) -> Jul | L9: =IF(TRIM(G9)="?",'Cleaning Summary'!$B$40,G9) -> tier - 3 | M9: =IF(TRIM(H9)="?",'Cleaning Summary'!$B$45,H9) -> tier - 3 | N9: =IF(TRIM(I9)="?",'Cleaning Summary'!$B$29,I9) -> R1013 | O9: =DATE(J9,MATCH(K9,{"Jan","Feb","Mar","Apr","May","Jun","Jul","Aug","Sep","Oct","Nov","Dec"},0),D9) -> 34884 | P9: =DATEDIF(O9,'Cleaning Summary'!$B$62,"Y") -> 27
A10: Id2327 | B10: 2002 | C10: Nov | D10: 29 | E10: 0 | F10: 668 | G10: tier - 3 | H10: tier - 2 | I10: R1012 | J10: =IF(TRIM(B10)="?",'Cleaning Summary'!$B$28,B10) -> 2002 | K10: =IF(TRIM(C10)="?",'Cleaning Summary'!$B$27,C10) -> Nov | L10: =IF(TRIM(G10)="?",'Cleaning Summary'!$B$40,G10) -> tier - 3 | M10: =IF(TRIM(H10)="?",'Cleaning Summary'!$B$45,H10) -> tier - 2 | N10: =IF(TRIM(I10)="?",'Cleaning Summary'!$B$29,I10) -> R1012 | O10: =DATE(J10,MATCH(K10,{"Jan","Feb","Mar","Apr","May","Jun","Jul","Aug","Sep","Oct","Nov","Dec"},0),D10) -> 37589 | P10: =DATEDIF(O10,'Cleaning Summary'!$B$62,"Y") -> 20
A11: Id2326 | B11: 1997 | C11: Nov | D11: 9 | E11: 0 | F11: 670 | G11: tier - 3 | H11: tier - 3 | I11: R1013 | J11: =IF(TRIM(B11)="?",'Cleaning Summary'!$B$28,B11) -> 1997 | K11: =IF(TRIM(C11)="?",'Cleaning Summary'!$B$27,C11) -> Nov | L11: =IF(TRIM(G11)="?",'Cleaning Summary'!$B$40,G11) -> tier - 3 | M11: =IF(TRIM(H11)="?",'Cleaning Summary'!$B$45,H11) -> tier - 3 | N11: =IF(TRIM(I11)="?",'Cleaning Summary'!$B$29,I11) -> R1013 | O11: =DATE(J11,MATCH(K11,{"Jan","Feb","Mar","Apr","May","Jun","Jul","Aug","Sep","Oct","Nov","Dec"},0),D11) -> 35743 | P11: =DATEDIF(O11,'Cleaning Summary'!$B$62,"Y") -> 25
A12: Id2325 | B12: 2001 | C12: Sep | D12: 12 | E12: 0 | F12: 687.54 | G12: tier - 3 | H12: tier - 2 | I12: R1013 | J12: =IF(TRIM(B12)="?",'Cleaning Summary'!$B$28,B12) -> 2001 | K12: =IF(TRIM(C12)="?",'Cleaning Summary'!$B$27,C12) -> Sep | L12: =IF(TRIM(G12)="?",'Cleaning Summary'!$B$40,G12) -> tier - 3 | M12: =IF(TRIM(H12)="?",'Cleaning Summary'!$B$45,H12) -> tier - 2 | N12: =IF(TRIM(I12)="?",'Cleaning Summary'!$B$29,I12) -> R1013 | O12: =DATE(J12,MATCH(K12,{"Jan","Feb","Mar","Apr","May","Jun","Jul","Aug","Sep","Oct","Nov","Dec"},0),D12) -> 37146 | P12: =DATEDIF(O12,'Cleaning Summary'!$B$62,"Y") -> 21
A13: Id2324 | B13: 1999 | C13: Dec | D13: 26 | E13: 0 | F13: 700 | G13: ? | H13: tier - 3 | I13: R1013 | J13: =IF(TRIM(B13)="?",'Cleaning Summary'!$B$28,B13) -> 1999 | K13: =IF(TRIM(C13)="?",'Cleaning Summary'!$B$27,C13) -> Dec | L13: =IF(TRIM(G13)="?",'Cleaning Summary'!$B$40,G13) -> tier - 2 | M13: =IF(TRIM(H13)="?",'Cleaning Summary'!$B$45,H13) -> tier - 3 | N13: =IF(TRIM(I13)="?",'Cleaning Summary'!$B$29,I13) -> R1013 | O13: =DATE(J13,MATCH(K13,{"Jan","Feb","Mar","Apr","May","Jun","Jul","Aug","Sep","Oct","Nov","Dec"},0),D13) -> 36520 | P13: =DATEDIF(O13,'Cleaning Summary'!$B$62,"Y") -> 23
... A1050: Id1290 | B1050: 1977 | C1050: Jul | D1050: 26 | E1050: 2 | F1050: 8527.53 | G1050: tier - 2 | H1050: tier - 2 | I1050: R1013 | J1050: =IF(TRIM(B1050)="?",'Cleaning Summary'!$B$28,B1050) -> 1977 | K1050: =IF(TRIM(C1050)="?",'Cleaning Summary'!$B$27,C1050) -> Jul | L1050: =IF(TRIM(G1050)="?",'Cleaning Summary'!$B$40,G1050) -> tier - 2 | M1050: =IF(TRIM(H1050)="?",'Cleaning Summary'!$B$45,H1050) -> tier - 2 | N1050: =IF(TRIM(I1050)="?",'Cleaning Summary'!$B$29,I1050) -> R1013 | O1050: =DATE(J1050,MATCH(K1050,{"Jan","Feb","Mar","Apr","May","Jun","Jul","Aug","Sep","Oct","Nov","Dec"},0),D1050) -> 28332 | P1050: =DATEDIF(O1050,'Cleaning Summary'!$B$62,"Y") -> 45
A1051: Id1289 | B1051: ? | C1051: Jul | D1051: 24 | E1051: 0 | F1051: 8534.67 | G1051: tier - 2 | H1051: tier - 3 | I1051: R1024 | J1051: =IF(TRIM(B1051)="?",'Cleaning Summary'!$B$28,B1051) -> 1983 | K1051: =IF(TRIM(C1051)="?",'Cleaning Summary'!$B$27,C1051) -> Jul | L1051: =IF(TRIM(G1051)="?",'Cleaning Summary'!$B$40,G1051) -> tier - 2 | M1051: =IF(TRIM(H1051)="?",'Cleaning Summary'!$B$45,H1051) -> tier - 3 | N1051: =IF(TRIM(I1051)="?",'Cleaning Summary'!$B$29,I1051) -> R1024 | O1051: =DATE(J1051,MATCH(K1051,{"Jan","Feb","Mar","Apr","May","Jun","Jul","Aug","Sep","Oct","Nov","Dec"},0),D1051) -> 30521 | P1051: =DATEDIF(O1051,'Cleaning Summary'!$B$62,"Y") -> 39
A1052: Id1288 | B1052: 1981 | C1052: Dec | D1052: 27 | E1052: 3 | F1052: 8538.29 | G1052: tier - 2 | H1052: tier - 3 | I1052: R1024 | J1052: =IF(TRIM(B1052)="?",'Cleaning Summary'!$B$28,B1052) -> 1981 | K1052: =IF(TRIM(C1052)="?",'Cleaning Summary'!$B$27,C1052) -> Dec | L1052: =IF(TRIM(G1052)="?",'Cleaning Summary'!$B$40,G1052) -> tier - 2 | M1052: =IF(TRIM(H1052)="?",'Cleaning Summary'!$B$45,H1052) -> tier - 3 | N1052: =IF(TRIM(I1052)="?",'Cleaning Summary'!$B$29,I1052) -> R1024 | O1052: =DATE(J1052,MATCH(K1052,{"Jan","Feb","Mar","Apr","May","Jun","Jul","Aug","Sep","Oct","Nov","Dec"},0),D1052) -> 29947 | P1052: =DATEDIF(O1052,'Cleaning Summary'!$B$62,"Y") -> 41
A1053: Id1287 | B1053: 1975 | C1053: Nov | D1053: 6 | E1053: 1 | F1053: 8539.67 | G1053: tier - 2 | H1053: tier - 3 | I1053: R1011 | J1053: =IF(TRIM(B1053)="?",'Cleaning Summary'!$B$28,B1053) -> 1975 | K1053: =IF(TRIM(C1053)="?",'Cleaning Summary'!$B$27,C1053) -> Nov | L1053: =IF(TRIM(G1053)="?",'Cleaning Summary'!$B$40,G1053) -> tier - 2 | M1053: =IF(TRIM(H1053)="?",'Cleaning Summary'!$B$45,H1053) -> tier - 3 | N1053: =IF(TRIM(I1053)="?",'Cleaning Summary'!$B$29,I1053) -> R1011 | O1053: =DATE(J1053,MATCH(K1053,{"Jan","Feb","Mar","Apr","May","Jun","Jul","Aug","Sep","Oct","Nov","Dec"},0),D1053) -> 27704 | P1053: =DATEDIF(O1053,'Cleaning Summary'!$B$62,"Y") -> 47
A1054: Id1286 | B1054: ? | C1054: Dec | D1054: 12 | E1054: 1 | F1054: 8547.69 | G1054: tier - 2 | H1054: tier - 1 | I1054: R1013 | J1054: =IF(TRIM(B1054)="?",'Cleaning Summary'!$B$28,B1054) -> 1983 | K1054: =IF(TRIM(C1054)="?",'Cleaning Summary'!$B$27,C1054) -> Dec | L1054: =IF(TRIM(G1054)="?",'Cleaning Summary'!$B$40,G1054) -> tier - 2 | M1054: =IF(TRIM(H1054)="?",'Cleaning Summary'!$B$45,H1054) -> tier - 1 | N1054: =IF(TRIM(I1054)="?",'Cleaning Summary'!$B$29,I1054) -> R1013 | O1054: =DATE(J1054,MATCH(K1054,{"Jan","Feb","Mar","Apr","May","Jun","Jul","Aug","Sep","Oct","Nov","Dec"},0),D1054) -> 30662 | P1054: =DATEDIF(O1054,'Cleaning Summary'!$B$62,"Y") -> 39
A1055: Id1285 | B1055: 1975 | C1055: Aug | D1055: 6 | E1055: 1 | F1055: 8551.35 | G1055: tier - 2 | H1055: tier - 2 | I1055: R1011 | J1055: =IF(TRIM(B1055)="?",'Cleaning Summary'!$B$28,B1055) -> 1975 | K1055: =IF(TRIM(C1055)="?",'Cleaning Summary'!$B$27,C1055) -> Aug | L1055: =IF(TRIM(G1055)="?",'Cleaning Summary'!$B$40,G1055) -> tier - 2 | M1055: =IF(TRIM(H1055)="?",'Cleaning Summary'!$B$45,H1055) -> tier - 2 | N1055: =IF(TRIM(I1055)="?",'Cleaning Summary'!$B$29,I1055) -> R1011 | O1055: =DATE(J1055,MATCH(K1055,{"Jan","Feb","Mar","Apr","May","Jun","Jul","Aug","Sep","Oct","Nov","Dec"},0),D1055) -> 27612 | P1055: =DATEDIF(O1055,'Cleaning Summary'!$B$62,"Y") -> 47
A1056: Id1284 | B1056: 1975 | C1056: Aug | D1056: 21 | E1056: 1 | F1056: 8556.91 | G1056: tier - 2 | H1056: tier - 1 | I1056: R1011 | J1056: =IF(TRIM(B1056)="?",'Cleaning Summary'!$B$28,B1056) -> 1975 | K1056: =IF(TRIM(C1056)="?",'Cleaning Summary'!$B$27,C1056) -> Aug | L1056: =IF(TRIM(G1056)="?",'Cleaning Summary'!$B$40,G1056) -> tier - 2 | M1056: =IF(TRIM(H1056)="?",'Cleaning Summary'!$B$45,H1056) -> tier - 1 | N1056: =IF(TRIM(I1056)="?",'Cleaning Summary'!$B$29,I1056) -> R1011 | O1056: =DATE(J1056,MATCH(K1056,{"Jan","Feb","Mar","Apr","May","Jun","Jul","Aug","Sep","Oct","Nov","Dec"},0),D1056) -> 27627 | P1056: =DATEDIF(O1056,'Cleaning Summary'!$B$62,"Y") -> 47
A1057: Id1283 | B1057: 1988 | C1057: Sep | D1057: 21 | E1057: 3 | F1057: 8567.25 | G1057: tier - 2 | H1057: tier - 1 | I1057: R1012 | J1057: =IF(TRIM(B1057)="?",'Cleaning Summary'!$B$28,B1057) -> 1988 | K1057: =IF(TRIM(C1057)="?",'Cleaning Summary'!$B$27,C1057) -> Sep | L1057: =IF(TRIM(G1057)="?",'Cleaning Summary'!$B$40,G1057) -> tier - 2 | M1057: =IF(TRIM(H1057)="?",'Cleaning Summary'!$B$45,H1057) -> tier - 1 | N1057: =IF(TRIM(I1057)="?",'Cleaning Summary'!$B$29,I1057) -> R1012 | O1057: =DATE(J1057,MATCH(K1057,{"Jan","Feb","Mar","Apr","May","Jun","Jul","Aug","Sep","Oct","Nov","Dec"},0),D1057) -> 32407 | P1057: =DATEDIF(O1057,'Cleaning Summary'!$B$62,"Y") -> 34
A1058: Id1282 | B1058: 1975 | C1058: Sep | D1058: 26 | E1058: 1 | F1058: 8569.86 | G1058: tier - 2 | H1058: tier - 3 | I1058: R1013 | J1058: =IF(TRIM(B1058)="?",'Cleaning Summary'!$B$28,B1058) -> 1975 | K1058: =IF(TRIM(C1058)="?",'Cleaning Summary'!$B$27,C1058) -> Sep | L1058: =IF(TRIM(G1058)="?",'Cleaning Summary'!$B$40,G1058) -> tier - 2 | M1058: =IF(TRIM(H1058)="?",'Cleaning Summary'!$B$45,H1058) -> tier - 3 | N1058: =IF(TRIM(I1058)="?",'Cleaning Summary'!$B$29,I1058) -> R1013 | O1058: =DATE(J1058,MATCH(K1058,{"Jan","Feb","Mar","Apr","May","Jun","Jul","Aug","Sep","Oct","Nov","Dec"},0),D1058) -> 27663 | P1058: =DATEDIF(O1058,'Cleaning Summary'!$B$62,"Y") -> 47
A1059: Id1281 | B1059: 1982 | C1059: Dec | D1059: 6 | E1059: 3 | F1059: 8572.04 | G1059: tier - 2 | H1059: tier - 2 | I1059: R1021 | J1059: =IF(TRIM(B1059)="?",'Cleaning Summary'!$B$28,B1059) -> 1982 | K1059: =IF(TRIM(C1059)="?",'Cleaning Summary'!$B$27,C1059) -> Dec | L1059: =IF(TRIM(G1059)="?",'Cleaning Summary'!$B$40,G1059) -> tier - 2 | M1059: =IF(TRIM(H1059)="?",'Cleaning Summary'!$B$45,H1059) -> tier - 2 | N1059: =IF(TRIM(I1059)="?",'Cleaning Summary'!$B$29,I1059) -> R1021 | O1059: =DATE(J1059,MATCH(K1059,{"Jan","Feb","Mar","Apr","May","Jun","Jul","Aug","Sep","Oct","Nov","Dec"},0),D1059) -> 30291 | P1059: =DATEDIF(O1059,'Cleaning Summary'!$B$62,"Y") -> 40
A1060: Id1280 | B1060: 1987 | C1060: Nov | D1060: 11 | E1060: 3 | F1060: 8573.3 | G1060: tier - 2 | H1060: tier - 2 | I1060: R1021 | J1060: =IF(TRIM(B1060)="?",'Cleaning Summary'!$B$28,B1060) -> 1987 | K1060: =IF(TRIM(C1060)="?",'Cleaning Summary'!$B$27,C1060) -> Nov | L1060: =IF(TRIM(G1060)="?",'Cleaning Summary'!$B$40,G1060) -> tier - 2 | M1060: =IF(TRIM(H1060)="?",'Cleaning Summary'!$B$45,H1060) -> tier - 2 | N1060: =IF(TRIM(I1060)="?",'Cleaning Summary'!$B$29,I1060) -> R1021 | O1060: =DATE(J1060,MATCH(K1060,{"Jan","Feb","Mar","Apr","May","Jun","Jul","Aug","Sep","Oct","Nov","Dec"},0),D1060) -> 32092 | P1060: =DATEDIF(O1060,'Cleaning Summary'!$B$62,"Y") -> 35
A1061: Id1279 | B1061: 1983 | C1061: Dec | D1061: 30 | E1061: 5 | F1061: 8582.3 | G1061: tier - 2 | H1061: tier - 1 | I1061: R1013 | J1061: =IF(TRIM(B1061)="?",'Cleaning Summary'!$B$28,B1061) -> 1983 | K1061: =IF(TRIM(C1061)="?",'Cleaning Summary'!$B$27,C1061) -> Dec | L1061: =IF(TRIM(G1061)="?",'Cleaning Summary'!$B$40,G1061) -> tier - 2 | M1061: =IF(TRIM(H1061)="?",'Cleaning Summary'!$B$45,H1061) -> tier - 1 | N1061: =IF(TRIM(I1061)="?",'Cleaning Summary'!$B$29,I1061) -> R1013 | O1061: =DATE(J1061,MATCH(K1061,{"Jan","Feb","Mar","Apr","May","Jun","Jul","Aug","Sep","Oct","Nov","Dec"},0),D1061) -> 30680 | P1061: =DATEDIF(O1061,'Cleaning Summary'!$B$62,"Y") -> 39
A1062: Id1278 | B1062: 1983 | C1062: Jul | D1062: 25 | E1062: 5 | F1062: 8596.83 | G1062: tier - 2 | H1062: tier - 3 | I1062: R1013 | J1062: =IF(TRIM(B1062)="?",'Cleaning Summary'!$B$28,B1062) -> 1983 | K1062: =IF(TRIM(C1062)="?",'Cleaning Summary'!$B$27,C1062) -> Jul | L1062: =IF(TRIM(G1062)="?",'Cleaning Summary'!$B$40,G1062) -> tier - 2 | M1062: =IF(TRIM(H1062)="?",'Cleaning Summary'!$B$45,H1062) -> tier - 3 | N1062: =IF(TRIM(I1062)="?",'Cleaning Summary'!$B$29,I1062) -> R1013 | O1062: =DATE(J1062,MATCH(K1062,{"Jan","Feb","Mar","Apr","May","Jun","Jul","Aug","Sep","Oct","Nov","Dec"},0),D1062) -> 30522 | P1062: =DATEDIF(O1062,'Cleaning Summary'!$B$62,"Y") -> 39
A1063: Id1277 | B1063: 1973 | C1063: Jul | D1063: 11 | E1063: 0 | F1063: 8601.33 | G1063: tier - 2 | H1063: tier - 1 | I1063: R1013 | J1063: =IF(TRIM(B1063)="?",'Cleaning Summary'!$B$28,B1063) -> 1973 | K1063: =IF(TRIM(C1063)="?",'Cleaning Summary'!$B$27,C1063) -> Jul | L1063: =IF(TRIM(G1063)="?",'Cleaning Summary'!$B$40,G1063) -> tier - 2 | M1063: =IF(TRIM(H1063)="?",'Cleaning Summary'!$B$45,H1063) -> tier - 1 | N1063: =IF(TRIM(I1063)="?",'Cleaning Summary'!$B$29,I1063) -> R1013 | O1063: =DATE(J1063,MATCH(K1063,{"Jan","Feb","Mar","Apr","May","Jun","Jul","Aug","Sep","Oct","Nov","Dec"},0),D1063) -> 26856 | P1063: =DATEDIF(O1063,'Cleaning Summary'!$B$62,"Y") -> 49
A1064: Id1276 | B1064: 1977 | C1064: Sep | D1064: 24 | E1064: 2 | F1064: 8603.82 | G1064: tier - 2 | H1064: tier - 1 | I1064: R1019 | J1064: =IF(TRIM(B1064)="?",'Cleaning Summary'!$B$28,B1064) -> 1977 | K1064: =IF(TRIM(C1064)="?",'Cleaning Summary'!$B$27,C1064) -> Sep | L1064: =IF(TRIM(G1064)="?",'Cleaning Summary'!$B$40,G1064) -> tier - 2 | M1064: =IF(TRIM(H1064)="?",'Cleaning Summary'!$B$45,H1064) -> tier - 1 | N1064: =IF(TRIM(I1064)="?",'Cleaning Summary'!$B$29,I1064) -> R1019 | O1064: =DATE(J1064,MATCH(K1064,{"Jan","Feb","Mar","Apr","May","Jun","Jul","Aug","Sep","Oct","Nov","Dec"},0),D1064) -> 28392 | P1064: =DATEDIF(O1064,'Cleaning Summary'!$B$62,"Y") -> 45
A1065: Id1275 | B1065: 1977 | C1065: Nov | D1065: 12 | E1065: 2 | F1065: 8604.48 | G1065: tier - 3 | H1065: tier - 2 | I1065: R1016 | J1065: =IF(TRIM(B1065)="?",'Cleaning Summary'!$B$28,B1065) -> 1977 | K1065: =IF(TRIM(C1065)="?",'Cleaning Summary'!$B$27,C1065) -> Nov | L1065: =IF(TRIM(G1065)="?",'Cleaning Summary'!$B$40,G1065) -> tier - 3 | M1065: =IF(TRIM(H1065)="?",'Cleaning Summary'!$B$45,H1065) -> tier - 2 | N1065: =IF(TRIM(I1065)="?",'Cleaning Summary'!$B$29,I1065) -> R1016 | O1065: =DATE(J1065,MATCH(K1065,{"Jan","Feb","Mar","Apr","May","Jun","Jul","Aug","Sep","Oct","Nov","Dec"},0),D1065) -> 28441 | P1065: =DATEDIF(O1065,'Cleaning Summary'!$B$62,"Y") -> 45
A1066: Id1274 | B1066: 1977 | C1066: Oct | D1066: 15 | E1066: 3 | F1066: 8605.36 | G1066: tier - 2 | H1066: tier - 2 | I1066: R1013 | J1066: =IF(TRIM(B1066)="?",'Cleaning Summary'!$B$28,B1066) -> 1977 | K1066: =IF(TRIM(C1066)="?",'Cleaning Summary'!$B$27,C1066) -> Oct | L1066: =IF(TRIM(G1066)="?",'Cleaning Summary'!$B$40,G1066) -> tier - 2 | M1066: =IF(TRIM(H1066)="?",'Cleaning Summary'!$B$45,H1066) -> tier - 2 | N1066: =IF(TRIM(I1066)="?",'Cleaning Summary'!$B$29,I1066) -> R1013 | O1066: =DATE(J1066,MATCH(K1066,{"Jan","Feb","Mar","Apr","May","Jun","Jul","Aug","Sep","Oct","Nov","Dec"},0),D1066) -> 28413 | P1066: =DATEDIF(O1066,'Cleaning Summary'!$B$62,"Y") -> 45
... A2344: Id1 | B2344: 1968 | C2344: Oct | D2344: 12 | E2344: 0 | F2344: 63770.43 | G2344: tier - 1 | H2344: tier - 3 | I2344: R1013 | J2344: =IF(TRIM(B2344)="?",'Cleaning Summary'!$B$28,B2344) -> 1968 | K2344: =IF(TRIM(C2344)="?",'Cleaning Summary'!$B$27,C2344) -> Oct | L2344: =IF(TRIM(G2344)="?",'Cleaning Summary'!$B$40,G2344) -> tier - 1 | M2344: =IF(TRIM(H2344)="?",'Cleaning Summary'!$B$45,H2344) -> tier - 3 | N2344: =IF(TRIM(I2344)="?",'Cleaning Summary'!$B$29,I2344) -> R1013 | O2344: =DATE(J2344,MATCH(K2344,{"Jan","Feb","Mar","Apr","May","Jun","Jul","Aug","Sep","Oct","Nov","Dec"},0),D2344) -> 25123 | P2344: =DATEDIF(O2344,'Cleaning Summary'!$B$62,"Y") -> 54

Sheet Healthcare
A1: Customer ID | B1: First Name | C1: BMI | D1: HBA1C | E1: Heart Issues | F1: Any Transplants | G1: Cancer history | H1: NumberOfMajorSurgeries | I1: smoker | J1: Weight Status | K1: Diabetes Status | L1: Date of Birth | M1: charges | N1: Hospital tier | O1: City tier | P1: State ID | Q1: Age
A2: ='Customer Names'!A2 -> Id1 | B2: =VLOOKUP($A2,'Customer Names'!$A$2:$E$2336,4,FALSE()) -> Kelly | C2: =VLOOKUP($A2,'Medical Examinations'!$A$2:$O$2336,2,FALSE()) -> 47.41 | D2: =VLOOKUP($A2,'Medical Examinations'!$A$2:$O$2336,3,FALSE()) -> 7.47 | E2: =VLOOKUP($A2,'Medical Examinations'!$A$2:$O$2336,9,FALSE()) -> No | F2: =VLOOKUP($A2,'Medical Examinations'!$A$2:$O$2336,10,FALSE()) -> No | G2: =VLOOKUP($A2,'Medical Examinations'!$A$2:$O$2336,11,FALSE()) -> No | H2: =VLOOKUP($A2,'Medical Examinations'!$A$2:$O$2336,13,FALSE()) -> 0 | I2: =VLOOKUP($A2,'Medical Examinations'!$A$2:$O$2336,12,FALSE()) -> Yes | J2: =VLOOKUP($A2,'Medical Examinations'!$A$2:$O$2336,14,FALSE()) -> Obesity | K2: =VLOOKUP($A2,'Medical Examinations'!$A$2:$O$2336,15,FALSE()) -> Diabetes | L2: =VLOOKUP($A2,'Hospitalisation Details'!$A$2:$P$2344,15,FALSE()) -> 25123 | M2: =VLOOKUP($A2,'Hospitalisation Details'!$A$2:$P$2344,6,FALSE()) -> 63770.43 | N2: =VLOOKUP($A2,'Hospitalisation Details'!$A$2:$P$2344,12,FALSE()) -> tier - 1 | O2: =VLOOKUP($A2,'Hospitalisation Details'!$A$2:$P$2344,13,FALSE()) -> tier - 3 | P2: =VLOOKUP($A2,'Hospitalisation Details'!$A$2:$P$2344,14,FALSE()) -> R1013 | Q2: =VLOOKUP($A2,'Hospitalisation Details'!$A$2:$P$2344,16,FALSE()) -> 54
A3: ='Customer Names'!A3 -> Id2 | B3: =VLOOKUP($A3,'Customer Names'!$A$2:$E$2336,4,FALSE()) -> Matthew D | C3: =VLOOKUP($A3,'Medical Examinations'!$A$2:$O$2336,2,FALSE()) -> 30.36 | D3: =VLOOKUP($A3,'Medical Examinations'!$A$2:$O$2336,3,FALSE()) -> 5.77 | E3: =VLOOKUP($A3,'Medical Examinations'!$A$2:$O$2336,9,FALSE()) -> No | F3: =VLOOKUP($A3,'Medical Examinations'!$A$2:$O$2336,10,FALSE()) -> No | G3: =VLOOKUP($A3,'Medical Examinations'!$A$2:$O$2336,11,FALSE()) -> No | H3: =VLOOKUP($A3,'Medical Examinations'!$A$2:$O$2336,13,FALSE()) -> 0 | I3: =VLOOKUP($A3,'Medical Examinations'!$A$2:$O$2336,12,FALSE()) -> Yes | J3: =VLOOKUP($A3,'Medical Examinations'!$A$2:$O$2336,14,FALSE()) -> Obesity | K3: =VLOOKUP($A3,'Medical Examinations'!$A$2:$O$2336,15,FALSE()) -> Prediabetes | L3: =VLOOKUP($A3,'Hospitalisation Details'!$A$2:$P$2344,15,FALSE()) -> 28284 | M3: =VLOOKUP($A3,'Hospitalisation Details'!$A$2:$P$2344,6,FALSE()) -> 62592.87 | N3: =VLOOKUP($A3,'Hospitalisation Details'!$A$2:$P$2344,12,FALSE()) -> tier - 2 | O3: =VLOOKUP($A3,'Hospitalisation Details'!$A$2:$P$2344,13,FALSE()) -> tier - 3 | P3: =VLOOKUP($A3,'Hospitalisation Details'!$A$2:$P$2344,14,FALSE()) -> R1013 | Q3: =VLOOKUP($A3,'Hospitalisation Details'!$A$2:$P$2344,16,FALSE()) -> 46
A4: ='Customer Names'!A4 -> Id3 | B4: =VLOOKUP($A4,'Customer Names'!$A$2:$E$2336,4,FALSE()) -> Phil | C4: =VLOOKUP($A4,'Medical Examinations'!$A$2:$O$2336,2,FALSE()) -> 34.485 | D4: =VLOOKUP($A4,'Medical Examinations'!$A$2:$O$2336,3,FALSE()) -> 11.87 | E4: =VLOOKUP($A4,'Medical Examinations'!$A$2:$O$2336,9,FALSE()) -> Yes | F4: =VLOOKUP($A4,'Medical Examinations'!$A$2:$O$2336,10,FALSE()) -> No | G4: =VLOOKUP($A4,'Medical Examinations'!$A$2:$O$2336,11,FALSE()) -> No | H4: =VLOOKUP($A4,'Medical Examinations'!$A$2:$O$2336,13,FALSE()) -> 2 | I4: =VLOOKUP($A4,'Medical Examinations'!$A$2:$O$2336,12,FALSE()) -> Yes | J4: =VLOOKUP($A4,'Medical Examinations'!$A$2:$O$2336,14,FALSE()) -> Obesity | K4: =VLOOKUP($A4,'Medical Examinations'!$A$2:$O$2336,15,FALSE()) -> Diabetes | L4: =VLOOKUP($A4,'Hospitalisation Details'!$A$2:$P$2344,15,FALSE()) -> 25822 | M4: =VLOOKUP($A4,'Hospitalisation Details'!$A$2:$P$2344,6,FALSE()) -> 60021.4 | N4: =VLOOKUP($A4,'Hospitalisation Details'!$A$2:$P$2344,12,FALSE()) -> tier - 1 | O4: =VLOOKUP($A4,'Hospitalisation Details'!$A$2:$P$2344,13,FALSE()) -> tier - 1 | P4: =VLOOKUP($A4,'Hospitalisation Details'!$A$2:$P$2344,14,FALSE()) -> R1012 | Q4: =VLOOKUP($A4,'Hospitalisation Details'!$A$2:$P$2344,16,FALSE()) -> 52
A5: ='Customer Names'!A5 -> Id4 | B5: =VLOOKUP($A5,'Customer Names'!$A$2:$E$2336,4,FALSE()) -> Kelsey | C5: =VLOOKUP($A5,'Medical Examinations'!$A$2:$O$2336,2,FALSE()) -> 38.095 | D5: =VLOOKUP($A5,'Medical Examinations'!$A$2:$O$2336,3,FALSE()) -> 6.05 | E5: =VLOOKUP($A5,'Medical Examinations'!$A$2:$O$2336,9,FALSE()) -> No | F5: =VLOOKUP($A5,'Medical Examinations'!$A$2:$O$2336,10,FALSE()) -> No | G5: =VLOOKUP($A5,'Medical Examinations'!$A$2:$O$2336,11,FALSE()) -> No | H5: =VLOOKUP($A5,'Medical Examinations'!$A$2:$O$2336,13,FALSE()) -> 0 | I5: =VLOOKUP($A5,'Medical Examinations'!$A$2:$O$2336,12,FALSE()) -> Yes | J5: =VLOOKUP($A5,'Medical Examinations'!$A$2:$O$2336,14,FALSE()) -> Obesity | K5: =VLOOKUP($A5,'Medical Examinations'!$A$2:$O$2336,15,FALSE()) -> Prediabetes | L5: =VLOOKUP($A5,'Hospitalisation Details'!$A$2:$P$2344,15,FALSE()) -> 33395 | M5: =VLOOKUP($A5,'Hospitalisation Details'!$A$2:$P$2344,6,FALSE()) -> 58571.07 | N5: =VLOOKUP($A5,'Hospitalisation Details'!$A$2:$P$2344,12,FALSE()) -> tier - 1 | O5: =VLOOKUP($A5,'Hospitalisation Details'!$A$2:$P$2344,13,FALSE()) -> tier - 3 | P5: =VLOOKUP($A5,'Hospitalisation Details'!$A$2:$P$2344,14,FALSE()) -> R1024 | Q5: =VLOOKUP($A5,'Hospitalisation Details'!$A$2:$P$2344,16,FALSE()) -> 32
A6: ='Customer Names'!A6 -> Id5 | B6: =VLOOKUP($A6,'Customer Names'!$A$2:$E$2336,4,FALSE()) -> Kristyn | C6: =VLOOKUP($A6,'Medical Examinations'!$A$2:$O$2336,2,FALSE()) -> 35.53 | D6: =VLOOKUP($A6,'Medical Examinations'!$A$2:$O$2336,3,FALSE()) -> 5.45 | E6: =VLOOKUP($A6,'Medical Examinations'!$A$2:$O$2336,9,FALSE()) -> No | F6: =VLOOKUP($A6,'Medical Examinations'!$A$2:$O$2336,10,FALSE()) -> No | G6: =VLOOKUP($A6,'Medical Examinations'!$A$2:$O$2336,11,FALSE()) -> No | H6: =VLOOKUP($A6,'Medical Examinations'!$A$2:$O$2336,13,FALSE()) -> 0 | I6: =VLOOKUP($A6,'Medical Examinations'!$A$2:$O$2336,12,FALSE()) -> Yes | J6: =VLOOKUP($A6,'Medical Examinations'!$A$2:$O$2336,14,FALSE()) -> Obesity | K6: =VLOOKUP($A6,'Medical Examinations'!$A$2:$O$2336,15,FALSE()) -> Normal | L6: =VLOOKUP($A6,'Hospitalisation Details'!$A$2:$P$2344,15,FALSE()) -> 32678 | M6: =VLOOKUP($A6,'Hospitalisation Details'!$A$2:$P$2344,6,FALSE()) -> 55135.4 | N6: =VLOOKUP($A6,'Hospitalisation Details'!$A$2:$P$2344,12,FALSE()) -> tier - 1 | O6: =VLOOKUP($A6,'Hospitalisation Details'!$A$2:$P$2344,13,FALSE()) -> tier - 2 | P6: =VLOOKUP($A6,'Hospitalisation Details'!$A$2:$P$2344,14,FALSE()) -> R1012 | Q6: =VLOOKUP($A6,'Hospitalisation Details'!$A$2:$P$2344,16,FALSE()) -> 33
A7: ='Customer Names'!A7 -> Id6 | B7: =VLOOKUP($A7,'Customer Names'!$A$2:$E$2336,4,FALSE()) -> Russell B. | C7: =VLOOKUP($A7,'Medical Examinations'!$A$2:$O$2336,2,FALSE()) -> 32.8 | D7: =VLOOKUP($A7,'Medical Examinations'!$A$2:$O$2336,3,FALSE()) -> 6.59 | E7: =VLOOKUP($A7,'Medical Examinations'!$A$2:$O$2336,9,FALSE()) -> No | F7: =VLOOKUP($A7,'Medical Examinations'!$A$2:$O$2336,10,FALSE()) -> No | G7: =VLOOKUP($A7,'Medical Examinations'!$A$2:$O$2336,11,FALSE()) -> No | H7: =VLOOKUP($A7,'Medical Examinations'!$A$2:$O$2336,13,FALSE()) -> 0 | I7: =VLOOKUP($A7,'Medical Examinations'!$A$2:$O$2336,12,FALSE()) -> Yes | J7: =VLOOKUP($A7,'Medical Examinations'!$A$2:$O$2336,14,FALSE()) -> Obesity | K7: =VLOOKUP($A7,'Medical Examinations'!$A$2:$O$2336,15,FALSE()) -> Diabetes | L7: =VLOOKUP($A7,'Hospitalisation Details'!$A$2:$P$2344,15,FALSE()) -> 22862 | M7: =VLOOKUP($A7,'Hospitalisation Details'!$A$2:$P$2344,6,FALSE()) -> 52590.83 | N7: =VLOOKUP($A7,'Hospitalisation Details'!$A$2:$P$2344,12,FALSE()) -> tier - 1 | O7: =VLOOKUP($A7,'Hospitalisation Details'!$A$2:$P$2344,13,FALSE()) -> tier - 3 | P7: =VLOOKUP($A7,'Hospitalisation Details'!$A$2:$P$2344,14,FALSE()) -> R1011 | Q7: =VLOOKUP($A7,'Hospitalisation Details'!$A$2:$P$2344,16,FALSE()) -> 60
A8: ='Customer Names'!A8 -> Id7 | B8: =VLOOKUP($A8,'Customer Names'!$A$2:$E$2336,4,FALSE()) -> Scott | C8: =VLOOKUP($A8,'Medical Examinations'!$A$2:$O$2336,2,FALSE()) -> 36.4 | D8: =VLOOKUP($A8,'Medical Examinations'!$A$2:$O$2336,3,FALSE()) -> 6.07 | E8: =VLOOKUP($A8,'Medical Examinations'!$A$2:$O$2336,9,FALSE()) -> No | F8: =VLOOKUP($A8,'Medical Examinations'!$A$2:$O$2336,10,FALSE()) -> No | G8: =VLOOKUP($A8,'Medical Examinations'!$A$2:$O$2336,11,FALSE()) -> No | H8: =VLOOKUP($A8,'Medical Examinations'!$A$2:$O$2336,13,FALSE()) -> 0 | I8: =VLOOKUP($A8,'Medical Examinations'!$A$2:$O$2336,12,FALSE()) -> Yes | J8: =VLOOKUP($A8,'Medical Examinations'!$A$2:$O$2336,14,FALSE()) -> Obesity | K8: =VLOOKUP($A8,'Medical Examinations'!$A$2:$O$2336,15,FALSE()) -> Prediabetes | L8: =VLOOKUP($A8,'Hospitalisation Details'!$A$2:$P$2344,15,FALSE()) -> 34634 | M8: =VLOOKUP($A8,'Hospitalisation Details'!$A$2:$P$2344,6,FALSE()) -> 51194.56 | N8: =VLOOKUP($A8,'Hospitalisation Details'!$A$2:$P$2344,12,FALSE()) -> tier - 1 | O8: =VLOOKUP($A8,'Hospitalisation Details'!$A$2:$P$2344,13,FALSE()) -> tier - 3 | P8: =VLOOKUP($A8,'Hospitalisation Details'!$A$2:$P$2344,14,FALSE()) -> R1011 | Q8: =VLOOKUP($A8,'Hospitalisation Details'!$A$2:$P$2344,16,FALSE()) -> 28
A9: ='Customer Names'!A9 -> Id8 | B9: =VLOOKUP($A9,'Customer Names'!$A$2:$E$2336,4,FALSE()) -> Stephen | C9: =VLOOKUP($A9,'Medical Examinations'!$A$2:$O$2336,2,FALSE()) -> 36.96 | D9: =VLOOKUP($A9,'Medical Examinations'!$A$2:$O$2336,3,FALSE()) -> 7.93 | E9: =VLOOKUP($A9,'Medical Examinations'!$A$2:$O$2336,9,FALSE()) -> No | F9: =VLOOKUP($A9,'Medical Examinations'!$A$2:$O$2336,10,FALSE()) -> No | G9: =VLOOKUP($A9,'Medical Examinations'!$A$2:$O$2336,11,FALSE()) -> No | H9: =VLOOKUP($A9,'Medical Examinations'!$A$2:$O$2336,13,FALSE()) -> 3 | I9: =VLOOKUP($A9,'Medical Examinations'!$A$2:$O$2336,12,FALSE()) -> Yes | J9: =VLOOKUP($A9,'Medical Examinations'!$A$2:$O$2336,14,FALSE()) -> Obesity | K9: =VLOOKUP($A9,'Medical Examinations'!$A$2:$O$2336,15,FALSE()) -> Diabetes | L9: =VLOOKUP($A9,'Hospitalisation Details'!$A$2:$P$2344,15,FALSE()) -> 21363 | M9: =VLOOKUP($A9,'Hospitalisation Details'!$A$2:$P$2344,6,FALSE()) -> 49577.66 | N9: =VLOOKUP($A9,'Hospitalisation Details'!$A$2:$P$2344,12,FALSE()) -> tier - 2 | O9: =VLOOKUP($A9,'Hospitalisation Details'!$A$2:$P$2344,13,FALSE()) -> tier - 2 | P9: =VLOOKUP($A9,'Hospitalisation Details'!$A$2:$P$2344,14,FALSE()) -> R1013 | Q9: =VLOOKUP($A9,'Hospitalisation Details'!$A$2:$P$2344,16,FALSE()) -> 64
A10: ='Customer Names'!A10 -> Id9 | B10: =VLOOKUP($A10,'Customer Names'!$A$2:$E$2336,4,FALSE()) -> Patrick R. | C10: =VLOOKUP($A10,'Medical Examinations'!$A$2:$O$2336,2,FALSE()) -> 41.14 | D10: =VLOOKUP($A10,'Medical Examinations'!$A$2:$O$2336,3,FALSE()) -> 9.58 | E10: =VLOOKUP($A10,'Medical Examinations'!$A$2:$O$2336,9,FALSE()) -> Yes | F10: =VLOOKUP($A10,'Medical Examinations'!$A$2:$O$2336,10,FALSE()) -> No | G10: =VLOOKUP($A10,'Medical Examinations'!$A$2:$O$2336,11,FALSE()) -> Yes | H10: =VLOOKUP($A10,'Medical Examinations'!$A$2:$O$2336,13,FALSE()) -> 1 | I10: =VLOOKUP($A10,'Medical Examinations'!$A$2:$O$2336,12,FALSE()) -> Yes | J10: =VLOOKUP($A10,'Medical Examinations'!$A$2:$O$2336,14,FALSE()) -> Obesity | K10: =VLOOKUP($A10,'Medical Examinations'!$A$2:$O$2336,15,FALSE()) -> Diabetes | L10: =VLOOKUP($A10,'Hospitalisation Details'!$A$2:$P$2344,15,FALSE()) -> 23258 | M10: =VLOOKUP($A10,'Hospitalisation Details'!$A$2:$P$2344,6,FALSE()) -> 48970.25 | N10: =VLOOKUP($A10,'Hospitalisation Details'!$A$2:$P$2344,12,FALSE()) -> tier - 1 | O10: =VLOOKUP($A10,'Hospitalisation Details'!$A$2:$P$2344,13,FALSE()) -> tier - 2 | P10: =VLOOKUP($A10,'Hospitalisation Details'!$A$2:$P$2344,14,FALSE()) -> R1013 | Q10: =VLOOKUP($A10,'Hospitalisation Details'!$A$2:$P$2344,16,FALSE()) -> 59
A11: ='Customer Names'!A11 -> Id10 | B11: =VLOOKUP($A11,'Customer Names'!$A$2:$E$2336,4,FALSE()) -> Brooke N. | C11: =VLOOKUP($A11,'Medical Examinations'!$A$2:$O$2336,2,FALSE()) -> 38.06 | D11: =VLOOKUP($A11,'Medical Examinations'!$A$2:$O$2336,3,FALSE()) -> 10.79 | E11: =VLOOKUP($A11,'Medical Examinations'!$A$2:$O$2336,9,FALSE()) -> No | F11: =VLOOKUP($A11,'Medical Examinations'!$A$2:$O$2336,10,FALSE()) -> No | G11: =VLOOKUP($A11,'Medical Examinations'!$A$2:$O$2336,11,FALSE()) -> No | H11: =VLOOKUP($A11,'Medical Examinations'!$A$2:$O$2336,13,FALSE()) -> 0 | I11: =VLOOKUP($A11,'Medical Examinations'!$A$2:$O$2336,12,FALSE()) -> Yes | J11: =VLOOKUP($A11,'Medical Examinations'!$A$2:$O$2336,14,FALSE()) -> Obesity | K11: =VLOOKUP($A11,'Medical Examinations'!$A$2:$O$2336,15,FALSE()) -> Diabetes | L11: =VLOOKUP($A11,'Hospitalisation Details'!$A$2:$P$2344,15,FALSE()) -> 28853 | M11: =VLOOKUP($A11,'Hospitalisation Details'!$A$2:$P$2344,6,FALSE()) -> 48885.14 | N11: =VLOOKUP($A11,'Hospitalisation Details'!$A$2:$P$2344,12,FALSE()) -> tier - 1 | O11: =VLOOKUP($A11,'Hospitalisation Details'!$A$2:$P$2344,13,FALSE()) -> tier - 2 | P11: =VLOOKUP($A11,'Hospitalisation Details'!$A$2:$P$2344,14,FALSE()) -> R1013 | Q11: =VLOOKUP($A11,'Hospitalisation Details'!$A$2:$P$2344,16,FALSE()) -> 44
A12: ='Customer Names'!A12 -> Id11 | B12: =VLOOKUP($A12,'Customer Names'!$A$2:$E$2336,4,FALSE()) -> Paola Andrea | C12: =VLOOKUP($A12,'Medical Examinations'!$A$2:$O$2336,2,FALSE()) -> 37.7 | D12: =VLOOKUP($A12,'Medical Examinations'!$A$2:$O$2336,3,FALSE()) -> 5.96 | E12: =VLOOKUP($A12,'Medical Examinations'!$A$2:$O$2336,9,FALSE()) -> Yes | F12: =VLOOKUP($A12,'Medical Examinations'!$A$2:$O$2336,10,FALSE()) -> No | G12: =VLOOKUP($A12,'Medical Examinations'!$A$2:$O$2336,11,FALSE()) -> No | H12: =VLOOKUP($A12,'Medical Examinations'!$A$2:$O$2336,13,FALSE()) -> 2 | I12: =VLOOKUP($A12,'Medical Examinations'!$A$2:$O$2336,12,FALSE()) -> Yes | J12: =VLOOKUP($A12,'Medical Examinations'!$A$2:$O$2336,14,FALSE()) -> Obesity | K12: =VLOOKUP($A12,'Medical Examinations'!$A$2:$O$2336,15,FALSE()) -> Prediabetes | L12: =VLOOKUP($A12,'Hospitalisation Details'!$A$2:$P$2344,15,FALSE()) -> 21753 | M12: =VLOOKUP($A12,'Hospitalisation Details'!$A$2:$P$2344,6,FALSE()) -> 48824.45 | N12: =VLOOKUP($A12,'Hospitalisation Details'!$A$2:$P$2344,12,FALSE()) -> tier - 2 | O12: =VLOOKUP($A12,'Hospitalisation Details'!$A$2:$P$2344,13,FALSE()) -> tier - 1 | P12: =VLOOKUP($A12,'Hospitalisation Details'!$A$2:$P$2344,14,FALSE()) -> R1011 | Q12: =VLOOKUP($A12,'Hospitalisation Details'!$A$2:$P$2344,16,FALSE()) -> 63
A13: ='Customer Names'!A13 -> Id12 | B13: =VLOOKUP($A13,'Customer Names'!$A$2:$E$2336,4,FALSE()) -> David | C13: =VLOOKUP($A13,'Medical Examinations'!$A$2:$O$2336,2,FALSE()) -> 42.13 | D13: =VLOOKUP($A13,'Medical Examinations'!$A$2:$O$2336,3,FALSE()) -> 11.9 | E13: =VLOOKUP($A13,'Medical Examinations'!$A$2:$O$2336,9,FALSE()) -> No | F13: =VLOOKUP($A13,'Medical Examinations'!$A$2:$O$2336,10,FALSE()) -> No | G13: =VLOOKUP($A13,'Medical Examinations'!$A$2:$O$2336,11,FALSE()) -> No | H13: =VLOOKUP($A13,'Medical Examinations'!$A$2:$O$2336,13,FALSE()) -> 0 | I13: =VLOOKUP($A13,'Medical Examinations'!$A$2:$O$2336,12,FALSE()) -> Yes | J13: =VLOOKUP($A13,'Medical Examinations'!$A$2:$O$2336,14,FALSE()) -> Obesity | K13: =VLOOKUP($A13,'Medical Examinations'!$A$2:$O$2336,15,FALSE()) -> Diabetes | L13: =VLOOKUP($A13,'Hospitalisation Details'!$A$2:$P$2344,15,FALSE()) -> 24042 | M13: =VLOOKUP($A13,'Hospitalisation Details'!$A$2:$P$2344,6,FALSE()) -> 48675.52 | N13: =VLOOKUP($A13,'Hospitalisation Details'!$A$2:$P$2344,12,FALSE()) -> tier - 1 | O13: =VLOOKUP($A13,'Hospitalisation Details'!$A$2:$P$2344,13,FALSE()) -> tier - 2 | P13: =VLOOKUP($A13,'Hospitalisation Details'!$A$2:$P$2344,14,FALSE()) -> R1013 | Q13: =VLOOKUP($A13,'Hospitalisation Details'!$A$2:$P$2344,16,FALSE()) -> 57
... A2336: ='Customer Names'!A2336 -> Id2335 | B2336: =VLOOKUP($A2336,'Customer Names'!$A$2:$E$2336,4,FALSE()) -> Aaron K | C2336: =VLOOKUP($A2336,'Medical Examinations'!$A$2:$O$2336,2,FALSE()) -> 17.58 | D2336: =VLOOKUP($A2336,'Medical Examinations'!$A$2:$O$2336,3,FALSE()) -> 4.51 | E2336: =VLOOKUP($A2336,'Medical Examinations'!$A$2:$O$2336,9,FALSE()) -> No | F2336: =VLOOKUP($A2336,'Medical Examinations'!$A$2:$O$2336,10,FALSE()) -> No | G2336: =VLOOKUP($A2336,'Medical Examinations'!$A$2:$O$2336,11,FALSE()) -> No | H2336: =VLOOKUP($A2336,'Medical Examinations'!$A$2:$O$2336,13,FALSE()) -> 1 | I2336: =VLOOKUP($A2336,'Medical Examinations'!$A$2:$O$2336,12,FALSE()) -> No | J2336: =VLOOKUP($A2336,'Medical Examinations'!$A$2:$O$2336,14,FALSE()) -> Underweight | K2336: =VLOOKUP($A2336,'Medical Examinations'!$A$2:$O$2336,15,FALSE()) -> Normal | L2336: =VLOOKUP($A2336,'Hospitalisation Details'!$A$2:$P$2344,15,FALSE()) -> 33794 | M2336: =VLOOKUP($A2336,'Hospitalisation Details'!$A$2:$P$2344,6,FALSE()) -> 563.84 | N2336: =VLOOKUP($A2336,'Hospitalisation Details'!$A$2:$P$2344,12,FALSE()) -> tier - 2 | O2336: =VLOOKUP($A2336,'Hospitalisation Details'!$A$2:$P$2344,13,FALSE()) -> tier - 3 | P2336: =VLOOKUP($A2336,'Hospitalisation Details'!$A$2:$P$2344,14,FALSE()) -> R1013 | Q2336: =VLOOKUP($A2336,'Hospitalisation Details'!$A$2:$P$2344,16,FALSE()) -> 30

Sheet Analysis
A1: Analysis tables (formula-driven pivot-style summaries; they respond to the Dashboard filters)
A2: SUMIFS / COUNTIFS / AVERAGEIFS on the Healthcare sheet. Dashboard filters set to "All" = full dataset. A 0 in an average table means no patients in that cell.
A3: Weight Status criterion | C3: =IF(Dashboard!$D$5="All","*",Dashboard!$D$5) -> *
A4: Diabetes Status criterion | C4: =IF(Dashboard!$D$6="All","*",Dashboard!$D$6) -> *
A6: 1. Cancer history among smokers and non-smokers (patient counts)
A7: Smoker | B7: Cancer: Yes | C7: Cancer: No | D7: Total | E7: % with cancer
A8: Yes | B8: =COUNTIFS(Healthcare!$I$2:$I$2336,$A8,Healthcare!$G$2:$G$2336,"Yes",Healthcare!$J$2:$J$2336,$C$3,Healthcare!$K$2:$K$2336,$C$4) -> 84 | C8: =COUNTIFS(Healthcare!$I$2:$I$2336,$A8,Healthcare!$G$2:$G$2336,"No",Healthcare!$J$2:$J$2336,$C$3,Healthcare!$K$2:$K$2336,$C$4) -> 404 | D8: =B8+C8 -> 488 | E8: =IF(D8=0,0,B8/D8) -> 0.17213115
A9: No | B9: =COUNTIFS(Healthcare!$I$2:$I$2336,$A9,Healthcare!$G$2:$G$2336,"Yes",Healthcare!$J$2:$J$2336,$C$3,Healthcare!$K$2:$K$2336,$C$4) -> 307 | C9: =COUNTIFS(Healthcare!$I$2:$I$2336,$A9,Healthcare!$G$2:$G$2336,"No",Healthcare!$J$2:$J$2336,$C$3,Healthcare!$K$2:$K$2336,$C$4) -> 1540 | D9: =B9+C9 -> 1847 | E9: =IF(D9=0,0,B9/D9) -> 0.16621548
A12: 2. Transplant history: total major surgeries and average HbA1C
A13: Any Transplants | B13: Patients | C13: Total major surgeries | D13: Avg surgeries per patient | E13: Avg HbA1C
A14: Yes | B14: =COUNTIFS(Healthcare!$F$2:$F$2336,$A14,Healthcare!$J$2:$J$2336,$C$3,Healthcare!$K$2:$K$2336,$C$4) -> 144 | C14: =SUMIFS(Healthcare!$H$2:$H$2336,Healthcare!$F$2:$F$2336,$A14,Healthcare!$J$2:$J$2336,$C$3,Healthcare!$K$2:$K$2336,$C$4) -> 162 | D14: =IF(B14=0,0,C14/B14) -> 1.125 | E14: =IFERROR(AVERAGEIFS(Healthcare!$D$2:$D$2336,Healthcare!$F$2:$F$2336,$A14,Healthcare!$J$2:$J$2336,$C$3,Healthcare!$K$2:$K$2336,$C$4),0) -> 5.1876389
A15: No | B15: =COUNTIFS(Healthcare!$F$2:$F$2336,$A15,Healthcare!$J$2:$J$2336,$C$3,Healthcare!$K$2:$K$2336,$C$4) -> 2191 | C15: =SUMIFS(Healthcare!$H$2:$H$2336,Healthcare!$F$2:$F$2336,$A15,Healthcare!$J$2:$J$2336,$C$3,Healthcare!$K$2:$K$2336,$C$4) -> 1417 | D15: =IF(B15=0,0,C15/B15) -> 0.64673665 | E15: =IFERROR(AVERAGEIFS(Healthcare!$D$2:$D$2336,Healthcare!$F$2:$F$2336,$A15,Healthcare!$J$2:$J$2336,$C$3,Healthcare!$K$2:$K$2336,$C$4),0) -> 6.6704427
A18: 3. Average charges by Weight Status and Diabetes Status
A19: Weight Status | B19: Normal | C19: Prediabetes | D19: Diabetes
A20: Underweight | B20: =IFERROR(AVERAGEIFS(Healthcare!$M$2:$M$2336,Healthcare!$J$2:$J$2336,$A20,Healthcare!$K$2:$K$2336,B$19,Healthcare!$J$2:$J$2336,$C$3,Healthcare!$K$2:$K$2336,$C$4),0) -> 6911.0056 | C20: =IFERROR(AVERAGEIFS(Healthcare!$M$2:$M$2336,Healthcare!$J$2:$J$2336,$A20,Healthcare!$K$2:$K$2336,C$19,Healthcare!$J$2:$J$2336,$C$3,Healthcare!$K$2:$K$2336,$C$4),0) -> 5647.7483 | D20: =IFERROR(AVERAGEIFS(Healthcare!$M$2:$M$2336,Healthcare!$J$2:$J$2336,$A20,Healthcare!$K$2:$K$2336,D$19,Healthcare!$J$2:$J$2336,$C$3,Healthcare!$K$2:$K$2336,$C$4),0) -> 7442.9649
A21: Normal Weight | B21: =IFERROR(AVERAGEIFS(Healthcare!$M$2:$M$2336,Healthcare!$J$2:$J$2336,$A21,Healthcare!$K$2:$K$2336,B$19,Healthcare!$J$2:$J$2336,$C$3,Healthcare!$K$2:$K$2336,$C$4),0) -> 7938.5057 | C21: =IFERROR(AVERAGEIFS(Healthcare!$M$2:$M$2336,Healthcare!$J$2:$J$2336,$A21,Healthcare!$K$2:$K$2336,C$19,Healthcare!$J$2:$J$2336,$C$3,Healthcare!$K$2:$K$2336,$C$4),0) -> 10492.131 | D21: =IFERROR(AVERAGEIFS(Healthcare!$M$2:$M$2336,Healthcare!$J$2:$J$2336,$A21,Healthcare!$K$2:$K$2336,D$19,Healthcare!$J$2:$J$2336,$C$3,Healthcare!$K$2:$K$2336,$C$4),0) -> 12447.613
A22: Overweight | B22: =IFERROR(AVERAGEIFS(Healthcare!$M$2:$M$2336,Healthcare!$J$2:$J$2336,$A22,Healthcare!$K$2:$K$2336,B$19,Healthcare!$J$2:$J$2336,$C$3,Healthcare!$K$2:$K$2336,$C$4),0) -> 10327.157 | C22: =IFERROR(AVERAGEIFS(Healthcare!$M$2:$M$2336,Healthcare!$J$2:$J$2336,$A22,Healthcare!$K$2:$K$2336,C$19,Healthcare!$J$2:$J$2336,$C$3,Healthcare!$K$2:$K$2336,$C$4),0) -> 9737.9402 | D22: =IFERROR(AVERAGEIFS(Healthcare!$M$2:$M$2336,Healthcare!$J$2:$J$2336,$A22,Healthcare!$K$2:$K$2336,D$19,Healthcare!$J$2:$J$2336,$C$3,Healthcare!$K$2:$K$2336,$C$4),0) -> 14269.014
A23: Obesity | B23: =IFERROR(AVERAGEIFS(Healthcare!$M$2:$M$2336,Healthcare!$J$2:$J$2336,$A23,Healthcare!$K$2:$K$2336,B$19,Healthcare!$J$2:$J$2336,$C$3,Healthcare!$K$2:$K$2336,$C$4),0) -> 15188.437 | C23: =IFERROR(AVERAGEIFS(Healthcare!$M$2:$M$2336,Healthcare!$J$2:$J$2336,$A23,Healthcare!$K$2:$K$2336,C$19,Healthcare!$J$2:$J$2336,$C$3,Healthcare!$K$2:$K$2336,$C$4),0) -> 15353.902 | D23: =IFERROR(AVERAGEIFS(Healthcare!$M$2:$M$2336,Healthcare!$J$2:$J$2336,$A23,Healthcare!$K$2:$K$2336,D$19,Healthcare!$J$2:$J$2336,$C$3,Healthcare!$K$2:$K$2336,$C$4),0) -> 19347.657
A25: 3b. Patient counts behind the averages above
A26: Weight Status | B26: Normal | C26: Prediabetes | D26: Diabetes | E26: Total
A27: Underweight | B27: =COUNTIFS(Healthcare!$J$2:$J$2336,$A27,Healthcare!$K$2:$K$2336,B$26,Healthcare!$J$2:$J$2336,$C$3,Healthcare!$K$2:$K$2336,$C$4) -> 82 | C27: =COUNTIFS(Healthcare!$J$2:$J$2336,$A27,Healthcare!$K$2:$K$2336,C$26,Healthcare!$J$2:$J$2336,$C$3,Healthcare!$K$2:$K$2336,$C$4) -> 29 | D27: =COUNTIFS(Healthcare!$J$2:$J$2336,$A27,Healthcare!$K$2:$K$2336,D$26,Healthcare!$J$2:$J$2336,$C$3,Healthcare!$K$2:$K$2336,$C$4) -> 65 | E27: =SUM(B27:D27) -> 176
A28: Normal Weight | B28: =COUNTIFS(Healthcare!$J$2:$J$2336,$A28,Healthcare!$K$2:$K$2336,B$26,Healthcare!$J$2:$J$2336,$C$3,Healthcare!$K$2:$K$2336,$C$4) -> 216 | C28: =COUNTIFS(Healthcare!$J$2:$J$2336,$A28,Healthcare!$K$2:$K$2336,C$26,Healthcare!$J$2:$J$2336,$C$3,Healthcare!$K$2:$K$2336,$C$4) -> 82 | D28: =COUNTIFS(Healthcare!$J$2:$J$2336,$A28,Healthcare!$K$2:$K$2336,D$26,Healthcare!$J$2:$J$2336,$C$3,Healthcare!$K$2:$K$2336,$C$4) -> 139 | E28: =SUM(B28:D28) -> 437
A29: Overweight | B29: =COUNTIFS(Healthcare!$J$2:$J$2336,$A29,Healthcare!$K$2:$K$2336,B$26,Healthcare!$J$2:$J$2336,$C$3,Healthcare!$K$2:$K$2336,$C$4) -> 236 | C29: =COUNTIFS(Healthcare!$J$2:$J$2336,$A29,Healthcare!$K$2:$K$2336,C$26,Healthcare!$J$2:$J$2336,$C$3,Healthcare!$K$2:$K$2336,$C$4) -> 108 | D29: =COUNTIFS(Healthcare!$J$2:$J$2336,$A29,Healthcare!$K$2:$K$2336,D$26,Healthcare!$J$2:$J$2336,$C$3,Healthcare!$K$2:$K$2336,$C$4) -> 157 | E29: =SUM(B29:D29) -> 501
A30: Obesity | B30: =COUNTIFS(Healthcare!$J$2:$J$2336,$A30,Healthcare!$K$2:$K$2336,B$26,Healthcare!$J$2:$J$2336,$C$3,Healthcare!$K$2:$K$2336,$C$4) -> 561 | C30: =COUNTIFS(Healthcare!$J$2:$J$2336,$A30,Healthcare!$K$2:$K$2336,C$26,Healthcare!$J$2:$J$2336,$C$3,Healthcare!$K$2:$K$2336,$C$4) -> 237 | D30: =COUNTIFS(Healthcare!$J$2:$J$2336,$A30,Healthcare!$K$2:$K$2336,D$26,Healthcare!$J$2:$J$2336,$C$3,Healthcare!$K$2:$K$2336,$C$4) -> 423 | E30: =SUM(B30:D30) -> 1221
A32: 4. Average charges by State ID and Hospital tier | F32: Patient counts
A33: State ID | B33: tier - 1 | C33: tier - 2 | D33: tier - 3 | F33: State ID | G33: tier - 1 | H33: tier - 2 | I33: tier - 3
A34: R1011 | B34: =IFERROR(AVERAGEIFS(Healthcare!$M$2:$M$2336,Healthcare!$P$2:$P$2336,$A34,Healthcare!$N$2:$N$2336,B$33,Healthcare!$J$2:$J$2336,$C$3,Healthcare!$K$2:$K$2336,$C$4),0) -> 33081.374 | C34: =IFERROR(AVERAGEIFS(Healthcare!$M$2:$M$2336,Healthcare!$P$2:$P$2336,$A34,Healthcare!$N$2:$N$2336,C$33,Healthcare!$J$2:$J$2336,$C$3,Healthcare!$K$2:$K$2336,$C$4),0) -> 18997.281 | D34: =IFERROR(AVERAGEIFS(Healthcare!$M$2:$M$2336,Healthcare!$P$2:$P$2336,$A34,Healthcare!$N$2:$N$2336,D$33,Healthcare!$J$2:$J$2336,$C$3,Healthcare!$K$2:$K$2336,$C$4),0) -> 9250.3618 | F34: =A34 -> R1011 | G34: =COUNTIFS(Healthcare!$P$2:$P$2336,$F34,Healthcare!$N$2:$N$2336,G$33,Healthcare!$J$2:$J$2336,$C$3,Healthcare!$K$2:$K$2336,$C$4) -> 116 | H34: =COUNTIFS(Healthcare!$P$2:$P$2336,$F34,Healthcare!$N$2:$N$2336,H$33,Healthcare!$J$2:$J$2336,$C$3,Healthcare!$K$2:$K$2336,$C$4) -> 318 | I34: =COUNTIFS(Healthcare!$P$2:$P$2336,$F34,Healthcare!$N$2:$N$2336,I$33,Healthcare!$J$2:$J$2336,$C$3,Healthcare!$K$2:$K$2336,$C$4) -> 140
A35: R1012 | B35: =IFERROR(AVERAGEIFS(Healthcare!$M$2:$M$2336,Healthcare!$P$2:$P$2336,$A35,Healthcare!$N$2:$N$2336,B$33,Healthcare!$J$2:$J$2336,$C$3,Healthcare!$K$2:$K$2336,$C$4),0) -> 26111.458 | C35: =IFERROR(AVERAGEIFS(Healthcare!$M$2:$M$2336,Healthcare!$P$2:$P$2336,$A35,Healthcare!$N$2:$N$2336,C$33,Healthcare!$J$2:$J$2336,$C$3,Healthcare!$K$2:$K$2336,$C$4),0) -> 10334.279 | D35: =IFERROR(AVERAGEIFS(Healthcare!$M$2:$M$2336,Healthcare!$P$2:$P$2336,$A35,Healthcare!$N$2:$N$2336,D$33,Healthcare!$J$2:$J$2336,$C$3,Healthcare!$K$2:$K$2336,$C$4),0) -> 10179.942 | F35: =A35 -> R1012 | G35: =COUNTIFS(Healthcare!$P$2:$P$2336,$F35,Healthcare!$N$2:$N$2336,G$33,Healthcare!$J$2:$J$2336,$C$3,Healthcare!$K$2:$K$2336,$C$4) -> 63 | H35: =COUNTIFS(Healthcare!$P$2:$P$2336,$F35,Healthcare!$N$2:$N$2336,H$33,Healthcare!$J$2:$J$2336,$C$3,Healthcare!$K$2:$K$2336,$C$4) -> 339 | I35: =COUNTIFS(Healthcare!$P$2:$P$2336,$F35,Healthcare!$N$2:$N$2336,I$33,Healthcare!$J$2:$J$2336,$C$3,Healthcare!$K$2:$K$2336,$C$4) -> 173
A36: R1013 | B36: =IFERROR(AVERAGEIFS(Healthcare!$M$2:$M$2336,Healthcare!$P$2:$P$2336,$A36,Healthcare!$N$2:$N$2336,B$33,Healthcare!$J$2:$J$2336,$C$3,Healthcare!$K$2:$K$2336,$C$4),0) -> 31328.102 | C36: =IFERROR(AVERAGEIFS(Healthcare!$M$2:$M$2336,Healthcare!$P$2:$P$2336,$A36,Healthcare!$N$2:$N$2336,C$33,Healthcare!$J$2:$J$2336,$C$3,Healthcare!$K$2:$K$2336,$C$4),0) -> 8439.2844 | D36: =IFERROR(AVERAGEIFS(Healthcare!$M$2:$M$2336,Healthcare!$P$2:$P$2336,$A36,Healthcare!$N$2:$N$2336,D$33,Healthcare!$J$2:$J$2336,$C$3,Healthcare!$K$2:$K$2336,$C$4),0) -> 6890.7568 | F36: =A36 -> R1013 | G36: =COUNTIFS(Healthcare!$P$2:$P$2336,$F36,Healthcare!$N$2:$N$2336,G$33,Healthcare!$J$2:$J$2336,$C$3,Healthcare!$K$2:$K$2336,$C$4) -> 67 | H36: =COUNTIFS(Healthcare!$P$2:$P$2336,$F36,Healthcare!$N$2:$N$2336,H$33,Healthcare!$J$2:$J$2336,$C$3,Healthcare!$K$2:$K$2336,$C$4) -> 375 | I36: =COUNTIFS(Healthcare!$P$2:$P$2336,$F36,Healthcare!$N$2:$N$2336,I$33,Healthcare!$J$2:$J$2336,$C$3,Healthcare!$K$2:$K$2336,$C$4) -> 170
A37: R1014 | B37: =IFERROR(AVERAGEIFS(Healthcare!$M$2:$M$2336,Healthcare!$P$2:$P$2336,$A37,Healthcare!$N$2:$N$2336,B$33,Healthcare!$J$2:$J$2336,$C$3,Healthcare!$K$2:$K$2336,$C$4),0) -> 13891.86 | C37: =IFERROR(AVERAGEIFS(Healthcare!$M$2:$M$2336,Healthcare!$P$2:$P$2336,$A37,Healthcare!$N$2:$N$2336,C$33,Healthcare!$J$2:$J$2336,$C$3,Healthcare!$K$2:$K$2336,$C$4),0) -> 2395.17 | D37: =IFERROR(AVERAGEIFS(Healthcare!$M$2:$M$2336,Healthcare!$P$2:$P$2336,$A37,Healthcare!$N$2:$N$2336,D$33,Healthcare!$J$2:$J$2336,$C$3,Healthcare!$K$2:$K$2336,$C$4),0) -> 16950.485 | F37: =A37 -> R1014 | G37: =COUNTIFS(Healthcare!$P$2:$P$2336,$F37,Healthcare!$N$2:$N$2336,G$33,Healthcare!$J$2:$J$2336,$C$3,Healthcare!$K$2:$K$2336,$C$4) -> 10 | H37: =COUNTIFS(Healthcare!$P$2:$P$2336,$F37,Healthcare!$N$2:$N$2336,H$33,Healthcare!$J$2:$J$2336,$C$3,Healthcare!$K$2:$K$2336,$C$4) -> 1 | I37: =COUNTIFS(Healthcare!$P$2:$P$2336,$F37,Healthcare!$N$2:$N$2336,I$33,Healthcare!$J$2:$J$2336,$C$3,Healthcare!$K$2:$K$2336,$C$4) -> 2
A38: R1015 | B38: =IFERROR(AVERAGEIFS(Healthcare!$M$2:$M$2336,Healthcare!$P$2:$P$2336,$A38,Healthcare!$N$2:$N$2336,B$33,Healthcare!$J$2:$J$2336,$C$3,Healthcare!$K$2:$K$2336,$C$4),0) -> 21523.52 | C38: =IFERROR(AVERAGEIFS(Healthcare!$M$2:$M$2336,Healthcare!$P$2:$P$2336,$A38,Healthcare!$N$2:$N$2336,C$33,Healthcare!$J$2:$J$2336,$C$3,Healthcare!$K$2:$K$2336,$C$4),0) -> 15675.543 | D38: =IFERROR(AVERAGEIFS(Healthcare!$M$2:$M$2336,Healthcare!$P$2:$P$2336,$A38,Healthcare!$N$2:$N$2336,D$33,Healthcare!$J$2:$J$2336,$C$3,Healthcare!$K$2:$K$2336,$C$4),0) -> 7570.755 | F38: =A38 -> R1015 | G38: =COUNTIFS(Healthcare!$P$2:$P$2336,$F38,Healthcare!$N$2:$N$2336,G$33,Healthcare!$J$2:$J$2336,$C$3,Healthcare!$K$2:$K$2336,$C$4) -> 2 | H38: =COUNTIFS(Healthcare!$P$2:$P$2336,$F38,Healthcare!$N$2:$N$2336,H$33,Healthcare!$J$2:$J$2336,$C$3,Healthcare!$K$2:$K$2336,$C$4) -> 6 | I38: =COUNTIFS(Healthcare!$P$2:$P$2336,$F38,Healthcare!$N$2:$N$2336,I$33,Healthcare!$J$2:$J$2336,$C$3,Healthcare!$K$2:$K$2336,$C$4) -> 4
A39: R1016 | B39: =IFERROR(AVERAGEIFS(Healthcare!$M$2:$M$2336,Healthcare!$P$2:$P$2336,$A39,Healthcare!$N$2:$N$2336,B$33,Healthcare!$J$2:$J$2336,$C$3,Healthcare!$K$2:$K$2336,$C$4),0) -> 39868.616 | C39: =IFERROR(AVERAGEIFS(Healthcare!$M$2:$M$2336,Healthcare!$P$2:$P$2336,$A39,Healthcare!$N$2:$N$2336,C$33,Healthcare!$J$2:$J$2336,$C$3,Healthcare!$K$2:$K$2336,$C$4),0) -> 16075.963 | D39: =IFERROR(AVERAGEIFS(Healthcare!$M$2:$M$2336,Healthcare!$P$2:$P$2336,$A39,Healthcare!$N$2:$N$2336,D$33,Healthcare!$J$2:$J$2336,$C$3,Healthcare!$K$2:$K$2336,$C$4),0) -> 8133.0084 | F39: =A39 -> R1016 | G39: =COUNTIFS(Healthcare!$P$2:$P$2336,$F39,Healthcare!$N$2:$N$2336,G$33,Healthcare!$J$2:$J$2336,$C$3,Healthcare!$K$2:$K$2336,$C$4) -> 8 | H39: =COUNTIFS(Healthcare!$P$2:$P$2336,$F39,Healthcare!$N$2:$N$2336,H$33,Healthcare!$J$2:$J$2336,$C$3,Healthcare!$K$2:$K$2336,$C$4) -> 12 | I39: =COUNTIFS(Healthcare!$P$2:$P$2336,$F39,Healthcare!$N$2:$N$2336,I$33,Healthcare!$J$2:$J$2336,$C$3,Healthcare!$K$2:$K$2336,$C$4) -> 44
A40: R1017 | B40: =IFERROR(AVERAGEIFS(Healthcare!$M$2:$M$2336,Healthcare!$P$2:$P$2336,$A40,Healthcare!$N$2:$N$2336,B$33,Healthcare!$J$2:$J$2336,$C$3,Healthcare!$K$2:$K$2336,$C$4),0) -> 34070.596 | C40: =IFERROR(AVERAGEIFS(Healthcare!$M$2:$M$2336,Healthcare!$P$2:$P$2336,$A40,Healthcare!$N$2:$N$2336,C$33,Healthcare!$J$2:$J$2336,$C$3,Healthcare!$K$2:$K$2336,$C$4),0) -> 11365.622 | D40: =IFERROR(AVERAGEIFS(Healthcare!$M$2:$M$2336,Healthcare!$P$2:$P$2336,$A40,Healthcare!$N$2:$N$2336,D$33,Healthcare!$J$2:$J$2336,$C$3,Healthcare!$K$2:$K$2336,$C$4),0) -> 8667.3662 | F40: =A40 -> R1017 | G40: =COUNTIFS(Healthcare!$P$2:$P$2336,$F40,Healthcare!$N$2:$N$2336,G$33,Healthcare!$J$2:$J$2336,$C$3,Healthcare!$K$2:$K$2336,$C$4) -> 7 | H40: =COUNTIFS(Healthcare!$P$2:$P$2336,$F40,Healthcare!$N$2:$N$2336,H$33,Healthcare!$J$2:$J$2336,$C$3,Healthcare!$K$2:$K$2336,$C$4) -> 16 | I40: =COUNTIFS(Healthcare!$P$2:$P$2336,$F40,Healthcare!$N$2:$N$2336,I$33,Healthcare!$J$2:$J$2336,$C$3,Healthcare!$K$2:$K$2336,$C$4) -> 13
A41: R1018 | B41: =IFERROR(AVERAGEIFS(Healthcare!$M$2:$M$2336,Healthcare!$P$2:$P$2336,$A41,Healthcare!$N$2:$N$2336,B$33,Healthcare!$J$2:$J$2336,$C$3,Healthcare!$K$2:$K$2336,$C$4),0) -> 33475.82 | C41: =IFERROR(AVERAGEIFS(Healthcare!$M$2:$M$2336,Healthcare!$P$2:$P$2336,$A41,Healthcare!$N$2:$N$2336,C$33,Healthcare!$J$2:$J$2336,$C$3,Healthcare!$K$2:$K$2336,$C$4),0) -> 10139.553 | D41: =IFERROR(AVERAGEIFS(Healthcare!$M$2:$M$2336,Healthcare!$P$2:$P$2336,$A41,Healthcare!$N$2:$N$2336,D$33,Healthcare!$J$2:$J$2336,$C$3,Healthcare!$K$2:$K$2336,$C$4),0) -> 12570.97 | F41: =A41 -> R1018 | G41: =COUNTIFS(Healthcare!$P$2:$P$2336,$F41,Healthcare!$N$2:$N$2336,G$33,Healthcare!$J$2:$J$2336,$C$3,Healthcare!$K$2:$K$2336,$C$4) -> 1 | H41: =COUNTIFS(Healthcare!$P$2:$P$2336,$F41,Healthcare!$N$2:$N$2336,H$33,Healthcare!$J$2:$J$2336,$C$3,Healthcare!$K$2:$K$2336,$C$4) -> 6 | I41: =COUNTIFS(Healthcare!$P$2:$P$2336,$F41,Healthcare!$N$2:$N$2336,I$33,Healthcare!$J$2:$J$2336,$C$3,Healthcare!$K$2:$K$2336,$C$4) -> 2
A42: R1019 | B42: =IFERROR(AVERAGEIFS(Healthcare!$M$2:$M$2336,Healthcare!$P$2:$P$2336,$A42,Healthcare!$N$2:$N$2336,B$33,Healthcare!$J$2:$J$2336,$C$3,Healthcare!$K$2:$K$2336,$C$4),0) -> 27621.61 | C42: =IFERROR(AVERAGEIFS(Healthcare!$M$2:$M$2336,Healthcare!$P$2:$P$2336,$A42,Healthcare!$N$2:$N$2336,C$33,Healthcare!$J$2:$J$2336,$C$3,Healthcare!$K$2:$K$2336,$C$4),0) -> 8116.72 | D42: =IFERROR(AVERAGEIFS(Healthcare!$M$2:$M$2336,Healthcare!$P$2:$P$2336,$A42,Healthcare!$N$2:$N$2336,D$33,Healthcare!$J$2:$J$2336,$C$3,Healthcare!$K$2:$K$2336,$C$4),0) -> 12706.976 | F42: =A42 -> R1019 | G42: =COUNTIFS(Healthcare!$P$2:$P$2336,$F42,Healthcare!$N$2:$N$2336,G$33,Healthcare!$J$2:$J$2336,$C$3,Healthcare!$K$2:$K$2336,$C$4) -> 5 | H42: =COUNTIFS(Healthcare!$P$2:$P$2336,$F42,Healthcare!$N$2:$N$2336,H$33,Healthcare!$J$2:$J$2336,$C$3,Healthcare!$K$2:$K$2336,$C$4) -> 11 | I42: =COUNTIFS(Healthcare!$P$2:$P$2336,$F42,Healthcare!$N$2:$N$2336,I$33,Healthcare!$J$2:$J$2336,$C$3,Healthcare!$K$2:$K$2336,$C$4) -> 10
A43: R1020 | B43: =IFERROR(AVERAGEIFS(Healthcare!$M$2:$M$2336,Healthcare!$P$2:$P$2336,$A43,Healthcare!$N$2:$N$2336,B$33,Healthcare!$J$2:$J$2336,$C$3,Healthcare!$K$2:$K$2336,$C$4),0) -> 0 | C43: =IFERROR(AVERAGEIFS(Healthcare!$M$2:$M$2336,Healthcare!$P$2:$P$2336,$A43,Healthcare!$N$2:$N$2336,C$33,Healthcare!$J$2:$J$2336,$C$3,Healthcare!$K$2:$K$2336,$C$4),0) -> 6760.5433 | D43: =IFERROR(AVERAGEIFS(Healthcare!$M$2:$M$2336,Healthcare!$P$2:$P$2336,$A43,Healthcare!$N$2:$N$2336,D$33,Healthcare!$J$2:$J$2336,$C$3,Healthcare!$K$2:$K$2336,$C$4),0) -> 11716.453 | F43: =A43 -> R1020 | G43: =COUNTIFS(Healthcare!$P$2:$P$2336,$F43,Healthcare!$N$2:$N$2336,G$33,Healthcare!$J$2:$J$2336,$C$3,Healthcare!$K$2:$K$2336,$C$4) -> 0 | H43: =COUNTIFS(Healthcare!$P$2:$P$2336,$F43,Healthcare!$N$2:$N$2336,H$33,Healthcare!$J$2:$J$2336,$C$3,Healthcare!$K$2:$K$2336,$C$4) -> 3 | I43: =COUNTIFS(Healthcare!$P$2:$P$2336,$F43,Healthcare!$N$2:$N$2336,I$33,Healthcare!$J$2:$J$2336,$C$3,Healthcare!$K$2:$K$2336,$C$4) -> 3
A44: R1021 | B44: =IFERROR(AVERAGEIFS(Healthcare!$M$2:$M$2336,Healthcare!$P$2:$P$2336,$A44,Healthcare!$N$2:$N$2336,B$33,Healthcare!$J$2:$J$2336,$C$3,Healthcare!$K$2:$K$2336,$C$4),0) -> 0 | C44: =IFERROR(AVERAGEIFS(Healthcare!$M$2:$M$2336,Healthcare!$P$2:$P$2336,$A44,Healthcare!$N$2:$N$2336,C$33,Healthcare!$J$2:$J$2336,$C$3,Healthcare!$K$2:$K$2336,$C$4),0) -> 7668.1787 | D44: =IFERROR(AVERAGEIFS(Healthcare!$M$2:$M$2336,Healthcare!$P$2:$P$2336,$A44,Healthcare!$N$2:$N$2336,D$33,Healthcare!$J$2:$J$2336,$C$3,Healthcare!$K$2:$K$2336,$C$4),0) -> 11518.786 | F44: =A44 -> R1021 | G44: =COUNTIFS(Healthcare!$P$2:$P$2336,$F44,Healthcare!$N$2:$N$2336,G$33,Healthcare!$J$2:$J$2336,$C$3,Healthcare!$K$2:$K$2336,$C$4) -> 0 | H44: =COUNTIFS(Healthcare!$P$2:$P$2336,$F44,Healthcare!$N$2:$N$2336,H$33,Healthcare!$J$2:$J$2336,$C$3,Healthcare!$K$2:$K$2336,$C$4) -> 47 | I44: =COUNTIFS(Healthcare!$P$2:$P$2336,$F44,Healthcare!$N$2:$N$2336,I$33,Healthcare!$J$2:$J$2336,$C$3,Healthcare!$K$2:$K$2336,$C$4) -> 23
A45: R1022 | B45: =IFERROR(AVERAGEIFS(Healthcare!$M$2:$M$2336,Healthcare!$P$2:$P$2336,$A45,Healthcare!$N$2:$N$2336,B$33,Healthcare!$J$2:$J$2336,$C$3,Healthcare!$K$2:$K$2336,$C$4),0) -> 0 | C45: =IFERROR(AVERAGEIFS(Healthcare!$M$2:$M$2336,Healthcare!$P$2:$P$2336,$A45,Healthcare!$N$2:$N$2336,C$33,Healthcare!$J$2:$J$2336,$C$3,Healthcare!$K$2:$K$2336,$C$4),0) -> 10102.027 | D45: =IFERROR(AVERAGEIFS(Healthcare!$M$2:$M$2336,Healthcare!$P$2:$P$2336,$A45,Healthcare!$N$2:$N$2336,D$33,Healthcare!$J$2:$J$2336,$C$3,Healthcare!$K$2:$K$2336,$C$4),0) -> 11637.812 | F45: =A45 -> R1022 | G45: =COUNTIFS(Healthcare!$P$2:$P$2336,$F45,Healthcare!$N$2:$N$2336,G$33,Healthcare!$J$2:$J$2336,$C$3,Healthcare!$K$2:$K$2336,$C$4) -> 0 | H45: =COUNTIFS(Healthcare!$P$2:$P$2336,$F45,Healthcare!$N$2:$N$2336,H$33,Healthcare!$J$2:$J$2336,$C$3,Healthcare!$K$2:$K$2336,$C$4) -> 9 | I45: =COUNTIFS(Healthcare!$P$2:$P$2336,$F45,Healthcare!$N$2:$N$2336,I$33,Healthcare!$J$2:$J$2336,$C$3,Healthcare!$K$2:$K$2336,$C$4) -> 5
... A50: Unknown | B50: =IFERROR(AVERAGEIFS(Healthcare!$M$2:$M$2336,Healthcare!$P$2:$P$2336,$A50,Healthcare!$N$2:$N$2336,B$33,Healthcare!$J$2:$J$2336,$C$3,Healthcare!$K$2:$K$2336,$C$4),0) -> 20996.53 | C50: =IFERROR(AVERAGEIFS(Healthcare!$M$2:$M$2336,Healthcare!$P$2:$P$2336,$A50,Healthcare!$N$2:$N$2336,C$33,Healthcare!$J$2:$J$2336,$C$3,Healthcare!$K$2:$K$2336,$C$4),0) -> 0 | D50: =IFERROR(AVERAGEIFS(Healthcare!$M$2:$M$2336,Healthcare!$P$2:$P$2336,$A50,Healthcare!$N$2:$N$2336,D$33,Healthcare!$J$2:$J$2336,$C$3,Healthcare!$K$2:$K$2336,$C$4),0) -> 0 | F50: =A50 -> Unknown | G50: =COUNTIFS(Healthcare!$P$2:$P$2336,$F50,Healthcare!$N$2:$N$2336,G$33,Healthcare!$J$2:$J$2336,$C$3,Healthcare!$K$2:$K$2336,$C$4) -> 2 | H50: =COUNTIFS(Healthcare!$P$2:$P$2336,$F50,Healthcare!$N$2:$N$2336,H$33,Healthcare!$J$2:$J$2336,$C$3,Healthcare!$K$2:$K$2336,$C$4) -> 0 | I50: =COUNTIFS(Healthcare!$P$2:$P$2336,$F50,Healthcare!$N$2:$N$2336,I$33,Healthcare!$J$2:$J$2336,$C$3,Healthcare!$K$2:$K$2336,$C$4) -> 0
A53: 5. Correlation of Age with BMI, HbA1C and charges (Pearson r)
A54: Pair (x = Age) | B54: n | C54: Σx | D54: Σy | E54: Σxy | F54: Σx² | G54: Σy² | H54: r (filtered) | I54: r (all data, CORREL) | J54: Strength
A55: Age vs BMI | B55: =SUM('Chart Data'!$B$2:$B$2336) -> 2335 | C55: =SUMPRODUCT('Chart Data'!$B$2:$B$2336,Healthcare!$Q$2:$Q$2336) -> 91599 | D55: =SUMPRODUCT('Chart Data'!$B$2:$B$2336,Healthcare!$C$2:$C$2336) -> 72321.135 | E55: =SUMPRODUCT('Chart Data'!$B$2:$B$2336,Healthcare!$Q$2:$Q$2336,Healthcare!$C$2:$C$2336) -> 2851218.5 | F55: =SUMPRODUCT('Chart Data'!$B$2:$B$2336,Healthcare!$Q$2:$Q$2336,Healthcare!$Q$2:$Q$2336) -> 4010813 | G55: =SUMPRODUCT('Chart Data'!$B$2:$B$2336,Healthcare!$C$2:$C$2336,Healthcare!$C$2:$C$2336) -> 2418351.3 | H55: =IF(B55<3,0,IFERROR((B55*E55-C55*D55)/SQRT((B55*F55-C55^2)*(B55*G55-D55^2)),0)) -> 0.051869273 | I55: =CORREL(Healthcare!$Q$2:$Q$2336,Healthcare!$C$2:$C$2336) -> 0.051869273 | J55: =IF(ABS(H55)<0.1,"Negligible",IF(ABS(H55)<0.3,"Weak",IF(ABS(H55)<0.5,"Moderate","Strong")))&IF(H55>=0," positive"," negative") -> Negligible positive
A56: Age vs HbA1C | B56: =SUM('Chart Data'!$B$2:$B$2336) -> 2335 | C56: =SUMPRODUCT('Chart Data'!$B$2:$B$2336,Healthcare!$Q$2:$Q$2336) -> 91599 | D56: =SUMPRODUCT('Chart Data'!$B$2:$B$2336,Healthcare!$D$2:$D$2336) -> 15361.96 | E56: =SUMPRODUCT('Chart Data'!$B$2:$B$2336,Healthcare!$Q$2:$Q$2336,Healthcare!$D$2:$D$2336) -> 634661.43 | F56: =SUMPRODUCT('Chart Data'!$B$2:$B$2336,Healthcare!$Q$2:$Q$2336,Healthcare!$Q$2:$Q$2336) -> 4010813 | G56: =SUMPRODUCT('Chart Data'!$B$2:$B$2336,Healthcare!$D$2:$D$2336,Healthcare!$D$2:$D$2336) -> 112659.85 | H56: =IF(B56<3,0,IFERROR((B56*E56-C56*D56)/SQRT((B56*F56-C56^2)*(B56*G56-D56^2)),0)) -> 0.46040821 | I56: =CORREL(Healthcare!$Q$2:$Q$2336,Healthcare!$D$2:$D$2336) -> 0.46040821 | J56: =IF(ABS(H56)<0.1,"Negligible",IF(ABS(H56)<0.3,"Weak",IF(ABS(H56)<0.5,"Moderate","Strong")))&IF(H56>=0," positive"," negative") -> Moderate positive
A57: Age vs charges | B57: =SUM('Chart Data'!$B$2:$B$2336) -> 2335 | C57: =SUMPRODUCT('Chart Data'!$B$2:$B$2336,Healthcare!$Q$2:$Q$2336) -> 91599 | D57: =SUMPRODUCT('Chart Data'!$B$2:$B$2336,Healthcare!$M$2:$M$2336) -> 31592359 | E57: =SUMPRODUCT('Chart Data'!$B$2:$B$2336,Healthcare!$Q$2:$Q$2336,Healthcare!$M$2:$M$2336) -> 1.3525025e+09 | F57: =SUMPRODUCT('Chart Data'!$B$2:$B$2336,Healthcare!$Q$2:$Q$2336,Healthcare!$Q$2:$Q$2336) -> 4010813 | G57: =SUMPRODUCT('Chart Data'!$B$2:$B$2336,Healthcare!$M$2:$M$2336,Healthcare!$M$2:$M$2336) -> 7.5788501e+11 | H57: =IF(B57<3,0,IFERROR((B57*E57-C57*D57)/SQRT((B57*F57-C57^2)*(B57*G57-D57^2)),0)) -> 0.30470117 | I57: =CORREL(Healthcare!$Q$2:$Q$2336,Healthcare!$M$2:$M$2336) -> 0.30470117 | J57: =IF(ABS(H57)<0.1,"Negligible",IF(ABS(H57)<0.3,"Weak",IF(ABS(H57)<0.5,"Moderate","Strong")))&IF(H57>=0," positive"," negative") -> Moderate positive
A58: r is computed from the flagged rows of the Chart Data sheet so it follows the Dashboard filters; column I is the plain CORREL on all data as a cross-check.

Sheet Chart Data
A1: Age | B1: In filter (1/0) | C1: BMI (plotted) | D1: HbA1C (plotted) | E1: Charges (plotted)
A2: =Healthcare!Q2 -> 54 | B2: =IF(AND(OR(Dashboard!$D$5="All",Healthcare!J2=Dashboard!$D$5),OR(Dashboard!$D$6="All",Healthcare!K2=Dashboard!$D$6)),1,0) -> 1 | C2: =IF(B2=1,Healthcare!C2,NA()) -> 47.41 | D2: =IF(B2=1,Healthcare!D2,NA()) -> 7.47 | E2: =IF(B2=1,Healthcare!M2,NA()) -> 63770.43
A3: =Healthcare!Q3 -> 46 | B3: =IF(AND(OR(Dashboard!$D$5="All",Healthcare!J3=Dashboard!$D$5),OR(Dashboard!$D$6="All",Healthcare!K3=Dashboard!$D$6)),1,0) -> 1 | C3: =IF(B3=1,Healthcare!C3,NA()) -> 30.36 | D3: =IF(B3=1,Healthcare!D3,NA()) -> 5.77 | E3: =IF(B3=1,Healthcare!M3,NA()) -> 62592.87
A4: =Healthcare!Q4 -> 52 | B4: =IF(AND(OR(Dashboard!$D$5="All",Healthcare!J4=Dashboard!$D$5),OR(Dashboard!$D$6="All",Healthcare!K4=Dashboard!$D$6)),1,0) -> 1 | C4: =IF(B4=1,Healthcare!C4,NA()) -> 34.485 | D4: =IF(B4=1,Healthcare!D4,NA()) -> 11.87 | E4: =IF(B4=1,Healthcare!M4,NA()) -> 60021.4
A5: =Healthcare!Q5 -> 32 | B5: =IF(AND(OR(Dashboard!$D$5="All",Healthcare!J5=Dashboard!$D$5),OR(Dashboard!$D$6="All",Healthcare!K5=Dashboard!$D$6)),1,0) -> 1 | C5: =IF(B5=1,Healthcare!C5,NA()) -> 38.095 | D5: =IF(B5=1,Healthcare!D5,NA()) -> 6.05 | E5: =IF(B5=1,Healthcare!M5,NA()) -> 58571.07
A6: =Healthcare!Q6 -> 33 | B6: =IF(AND(OR(Dashboard!$D$5="All",Healthcare!J6=Dashboard!$D$5),OR(Dashboard!$D$6="All",Healthcare!K6=Dashboard!$D$6)),1,0) -> 1 | C6: =IF(B6=1,Healthcare!C6,NA()) -> 35.53 | D6: =IF(B6=1,Healthcare!D6,NA()) -> 5.45 | E6: =IF(B6=1,Healthcare!M6,NA()) -> 55135.4
A7: =Healthcare!Q7 -> 60 | B7: =IF(AND(OR(Dashboard!$D$5="All",Healthcare!J7=Dashboard!$D$5),OR(Dashboard!$D$6="All",Healthcare!K7=Dashboard!$D$6)),1,0) -> 1 | C7: =IF(B7=1,Healthcare!C7,NA()) -> 32.8 | D7: =IF(B7=1,Healthcare!D7,NA()) -> 6.59 | E7: =IF(B7=1,Healthcare!M7,NA()) -> 52590.83
A8: =Healthcare!Q8 -> 28 | B8: =IF(AND(OR(Dashboard!$D$5="All",Healthcare!J8=Dashboard!$D$5),OR(Dashboard!$D$6="All",Healthcare!K8=Dashboard!$D$6)),1,0) -> 1 | C8: =IF(B8=1,Healthcare!C8,NA()) -> 36.4 | D8: =IF(B8=1,Healthcare!D8,NA()) -> 6.07 | E8: =IF(B8=1,Healthcare!M8,NA()) -> 51194.56
A9: =Healthcare!Q9 -> 64 | B9: =IF(AND(OR(Dashboard!$D$5="All",Healthcare!J9=Dashboard!$D$5),OR(Dashboard!$D$6="All",Healthcare!K9=Dashboard!$D$6)),1,0) -> 1 | C9: =IF(B9=1,Healthcare!C9,NA()) -> 36.96 | D9: =IF(B9=1,Healthcare!D9,NA()) -> 7.93 | E9: =IF(B9=1,Healthcare!M9,NA()) -> 49577.66
A10: =Healthcare!Q10 -> 59 | B10: =IF(AND(OR(Dashboard!$D$5="All",Healthcare!J10=Dashboard!$D$5),OR(Dashboard!$D$6="All",Healthcare!K10=Dashboard!$D$6)),1,0) -> 1 | C10: =IF(B10=1,Healthcare!C10,NA()) -> 41.14 | D10: =IF(B10=1,Healthcare!D10,NA()) -> 9.58 | E10: =IF(B10=1,Healthcare!M10,NA()) -> 48970.25
A11: =Healthcare!Q11 -> 44 | B11: =IF(AND(OR(Dashboard!$D$5="All",Healthcare!J11=Dashboard!$D$5),OR(Dashboard!$D$6="All",Healthcare!K11=Dashboard!$D$6)),1,0) -> 1 | C11: =IF(B11=1,Healthcare!C11,NA()) -> 38.06 | D11: =IF(B11=1,Healthcare!D11,NA()) -> 10.79 | E11: =IF(B11=1,Healthcare!M11,NA()) -> 48885.14
A12: =Healthcare!Q12 -> 63 | B12: =IF(AND(OR(Dashboard!$D$5="All",Healthcare!J12=Dashboard!$D$5),OR(Dashboard!$D$6="All",Healthcare!K12=Dashboard!$D$6)),1,0) -> 1 | C12: =IF(B12=1,Healthcare!C12,NA()) -> 37.7 | D12: =IF(B12=1,Healthcare!D12,NA()) -> 5.96 | E12: =IF(B12=1,Healthcare!M12,NA()) -> 48824.45
A13: =Healthcare!Q13 -> 57 | B13: =IF(AND(OR(Dashboard!$D$5="All",Healthcare!J13=Dashboard!$D$5),OR(Dashboard!$D$6="All",Healthcare!K13=Dashboard!$D$6)),1,0) -> 1 | C13: =IF(B13=1,Healthcare!C13,NA()) -> 42.13 | D13: =IF(B13=1,Healthcare!D13,NA()) -> 11.9 | E13: =IF(B13=1,Healthcare!M13,NA()) -> 48675.52
... A2336: =Healthcare!Q2336 -> 30 | B2336: =IF(AND(OR(Dashboard!$D$5="All",Healthcare!J2336=Dashboard!$D$5),OR(Dashboard!$D$6="All",Healthcare!K2336=Dashboard!$D$6)),1,0) -> 1 | C2336: =IF(B2336=1,Healthcare!C2336,NA()) -> 17.58 | D2336: =IF(B2336=1,Healthcare!D2336,NA()) -> 4.51 | E2336: =IF(B2336=1,Healthcare!M2336,NA()) -> 563.84

Sheet Dashboard
B1: Healthcare Data Analysis & Insights Dashboard
B4: FILTERS | H4: Patients | K4: Avg Age | N4: Avg BMI | Q4: Avg HbA1C | T4: Avg Charges | W4: Cancer history %
B5: Weight Status | D5: All | H5: =SUM('Chart Data'!$B$2:$B$2336) -> 2335 | K5: =IFERROR(AVERAGEIFS(Healthcare!$Q$2:$Q$2336,Healthcare!$J$2:$J$2336,Analysis!$C$3,Healthcare!$K$2:$K$2336,Analysis!$C$4),0) -> 39.228694 | N5: =IFERROR(AVERAGEIFS(Healthcare!$C$2:$C$2336,Healthcare!$J$2:$J$2336,Analysis!$C$3,Healthcare!$K$2:$K$2336,Analysis!$C$4),0) -> 30.972649 | Q5: =IFERROR(AVERAGEIFS(Healthcare!$D$2:$D$2336,Healthcare!$J$2:$J$2336,Analysis!$C$3,Healthcare!$K$2:$K$2336,Analysis!$C$4),0) -> 6.5789979 | T5: =IFERROR(AVERAGEIFS(Healthcare!$M$2:$M$2336,Healthcare!$J$2:$J$2336,Analysis!$C$3,Healthcare!$K$2:$K$2336,Analysis!$C$4),0) -> 13529.918 | W5: =IFERROR(COUNTIFS(Healthcare!$G$2:$G$2336,"Yes",Healthcare!$J$2:$J$2336,Analysis!$C$3,Healthcare!$K$2:$K$2336,Analysis!$C$4)/SUM('Chart Data'!$B$2:$B$2336),0) -> 0.16745182
B6: Diabetes Status | D6: All
B7: =IF(SUM('Chart Data'!$B$2:$B$2336)=0,"No patients match this combination","Showing "&TEXT(SUM('Chart Data'!$B$2:$B$2336),"#,##0")&" of "&TEXT(COUNTA(Healthcare!$A$2:$A$2336),"#,##0")&" patients") -> Showing 2,335 of 2,335 patients
B9: 1) Pie / Donut analysis
B25: Donut slices: blue = first category (Cancer: Yes / Transplant: Yes), orange = second (Cancer: No / Transplant: No). Surgeries donut shows count and share; HbA1C donut shows the average value.
B26: 2) Column / Bar analysis
B45: 0 / no bar = no patients in that combination (see the patient-count tables on the Analysis sheet).
B46: 3) Line / Scatter analysis (each dot = one patient; dashed line = linear trend)
B65: Pearson r (follows the filters):
B66: Age vs BMI | F66: =Analysis!H55 -> 0.051869273 | G66: =Analysis!J55 -> Negligible positive
B67: Age vs HbA1C | F67: =Analysis!H56 -> 0.46040821 | G67: =Analysis!J56 -> Moderate positive
B68: Age vs charges | F68: =Analysis!H57 -> 0.30470117 | G68: =Analysis!J57 -> Moderate positive
